category,page_url,page_title,content_id,guidance_proposition_id,guidance_proposition_text,section_locator,source_paragraphs,comparison_id,relationship,confidence,cosine_score,bert_score_f1,explanation,assessment_status,coverage_result,candidate_count,reportable_comparison_count,ungrounded_candidate_count,law_proposition_id,law_proposition_text,law_source_record_id,law_name,law_url,law_provision_url,law_short_name,law_label,law_fragment_locator
ssafo-nitrates,https://www.gov.uk/guidance/grassland-derogations-for-livestock-manure-in-nitrate-vulnerable-zones,Grassland derogations for livestock manure in nitrate vulnerable zones,5fa75896-7631-11e4-a3cb-005056011aef,susan-41dbc58cc6ea1113-1,A livestock manure holder in a nitrate vulnerable zone may apply up to 170kg per hectare of nitrogen in livestock manure on their holding in each calendar year.,section:intro,You can apply up to 170kg per hectare of nitrogen in livestock manure on your holding in a nitrate vulnerable zone ( NVZ ) in each calendar year.,m-4111366e,GROUNDED,high,0.8004,,"The guidance accurately restates the statutory obligation: the 170 kg per hectare per calendar year ceiling on nitrogen from livestock manure applied to a holding. The guidance characterises this as a permission ('may apply up to') rather than a duty ('must not exceed'), but both formulations describe the same quantitative limit without adding to or subtracting from it.",COMPLETE,HAS_REPORTABLE_COMPARISON,1,1,0,bcand:44654d1fd1959fe9,"The occupier of a holding must ensure that, in any calendar year, the total amount of nitrogen in livestock manure applied to the holding (whether directly by an animal or by spreading) does not exceed 170 kg multiplied by the area of the holding in hectares.",lex-120b4f9c395b3f94,The Nitrate Pollution Prevention Regulations 2015,https://www.legislation.gov.uk/uksi/2015/668/contents/made,https://www.legislation.gov.uk/uksi/2015/668/regulation/7/1,,,regulation:7:paragraph:1
ssafo-nitrates,https://www.gov.uk/guidance/grassland-derogations-for-livestock-manure-in-nitrate-vulnerable-zones,Grassland derogations for livestock manure in nitrate vulnerable zones,5fa75896-7631-11e4-a3cb-005056011aef,susan-41dbc58cc6ea1113-10,A farmer must apply between 10 November and 31 December 2025 for a grassland derogation in 2026.,section:grassland-derogations-for-2026,You must apply between 10 November and 31 December 2025 for a grassland derogation in 2026.,m-8e2736ea,GUIDANCE_BROADER,high,0.762,,"The law opens the application window from 1st October, but the guidance starts it on 10 November, narrowing the permitted opening date and imposing a higher bar on farmers (a later start date). This exceeds the statutory floor without contradicting it under rule 3/4.",COMPLETE,HAS_REPORTABLE_COMPARISON,15,1,14,bcand:ed78fbaa1f454ae6,An application for derogation must be submitted between 1st October and 31st December in the calendar year preceding the calendar year to which the application relates.,lex-120b4f9c395b3f94,The Nitrate Pollution Prevention Regulations 2015,https://www.legislation.gov.uk/uksi/2015/668/contents/made,https://www.legislation.gov.uk/uksi/2015/668/regulation/36/5,,,regulation:36:paragraph:5
ssafo-nitrates,https://www.gov.uk/guidance/grassland-derogations-for-livestock-manure-in-nitrate-vulnerable-zones,Grassland derogations for livestock manure in nitrate vulnerable zones,5fa75896-7631-11e4-a3cb-005056011aef,susan-41dbc58cc6ea1113-11,"When applying for a derogation, a farmer must provide their farm name, address, County Parish Holding (CPH) number, and a map showing the location and extent of the land parcels that make up their holding.",,"When you apply, you must give the:
farm name, address and your County Parish Holding (CPH) number and provide a map showing the location and extent of the land parcels that make up your holding",m-7bd939c1,GUIDANCE_BROADER,high,0.7116,,"Regulation 36(6) requires the application to be in the form and manner published by the Secretary of State but does not itself specify the particular data fields. The guidance enumerates specific items (farm name, address, CPH number, map), which adds requirements beyond what the statutory text states — hence broader than the floor set by the statute.",COMPLETE,HAS_REPORTABLE_COMPARISON,15,1,14,bcand:70834a0eeeaaaee9,An application for derogation must be made in the form and manner published by the Secretary of State.,lex-120b4f9c395b3f94,The Nitrate Pollution Prevention Regulations 2015,https://www.legislation.gov.uk/uksi/2015/668/contents/made,https://www.legislation.gov.uk/uksi/2015/668/regulation/36/6,,,regulation:36:paragraph:6
ssafo-nitrates,https://www.gov.uk/guidance/grassland-derogations-for-livestock-manure-in-nitrate-vulnerable-zones,Grassland derogations for livestock manure in nitrate vulnerable zones,5fa75896-7631-11e4-a3cb-005056011aef,susan-41dbc58cc6ea1113-12,"When applying for a derogation, a farmer must provide the agricultural area and grassland area of their farm in hectares on 1 January of the year for which they are applying.",section:grassland-derogations-for-2026,agricultural area and grassland area of your farm in hectares on 1 January of the year for which you are applying,m-daadcebf,GUIDANCE_BROADER,medium,0.7856,,"Regulation 36(1) establishes that an occupier may apply for a derogation where 80% or more of the agricultural area is sown with grass, but does not itself specify what information (agricultural area and grassland area in hectares as at 1 January) must be supplied in the application. The guidance adds a specific data-provision requirement beyond what this clause states, making it broader than the clause without contradicting it.",COMPLETE,HAS_REPORTABLE_COMPARISON,2,1,1,bcand:f27d068bf8f73e85,The occupier of a holding may apply to the Agency for a derogation where 80% or more of the agricultural area of the holding is sown with grass.,lex-120b4f9c395b3f94,The Nitrate Pollution Prevention Regulations 2015,https://www.legislation.gov.uk/uksi/2015/668/contents/made,https://www.legislation.gov.uk/uksi/2015/668/regulation/36/1,,,regulation:36:paragraph:1
ssafo-nitrates,https://www.gov.uk/guidance/grassland-derogations-for-livestock-manure-in-nitrate-vulnerable-zones,Grassland derogations for livestock manure in nitrate vulnerable zones,5fa75896-7631-11e4-a3cb-005056011aef,susan-41dbc58cc6ea1113-13,"When applying for a derogation, a farmer must provide the amount of manure nitrogen produced by grazing livestock kept on their farm during the calendar year in kilograms of nitrogen (kgN).",section:grassland-derogations-for-2026,amount of manure nitrogen produced by grazing livestock kept on your farm during the calendar year in kilograms of nitrogen ( kgN ),,,,,,,COMPLETE,ONLY_UNGROUNDED_CANDIDATES,15,0,15,,,,,,,,,
ssafo-nitrates,https://www.gov.uk/guidance/grassland-derogations-for-livestock-manure-in-nitrate-vulnerable-zones,Grassland derogations for livestock manure in nitrate vulnerable zones,5fa75896-7631-11e4-a3cb-005056011aef,susan-41dbc58cc6ea1113-14,"When applying for a derogation, a farmer must provide the amount of manure nitrogen produced by grazing livestock they intend to bring onto or send off their farm during the calendar year (kgN).",section:grassland-derogations-for-2026,amount of manure nitrogen produced by grazing livestock you intend to bring onto or send off your farm during the calendar year ( kgN ),m-c8dd6a3e,GROUNDED,medium,0.7559,,"This provision directly requires the occupier to record the type and amount of livestock manure intended to be brought onto the holding during the derogation year, which corresponds to the guidance requirement to provide the amount of manure nitrogen from grazing livestock intended to be brought onto the farm. The guidance adds the specific metric (kgN) and extends to send-off, but the core obligation is reflected here.",COMPLETE,HAS_REPORTABLE_COMPARISON,15,2,13,bcand:bd158d02dc68a9bf,The occupier must make a record of the type and amount of livestock manure intended to be brought on to the holding during the calendar year to which the derogation relates.,lex-120b4f9c395b3f94,The Nitrate Pollution Prevention Regulations 2015,https://www.legislation.gov.uk/uksi/2015/668/contents/made,https://www.legislation.gov.uk/uksi/2015/668/schedule/3/paragraph/15,,,schedule:3:paragraph:15:subparagraph:1:item:a
ssafo-nitrates,https://www.gov.uk/guidance/grassland-derogations-for-livestock-manure-in-nitrate-vulnerable-zones,Grassland derogations for livestock manure in nitrate vulnerable zones,5fa75896-7631-11e4-a3cb-005056011aef,susan-41dbc58cc6ea1113-14,"When applying for a derogation, a farmer must provide the amount of manure nitrogen produced by grazing livestock they intend to bring onto or send off their farm during the calendar year (kgN).",section:grassland-derogations-for-2026,amount of manure nitrogen produced by grazing livestock you intend to bring onto or send off your farm during the calendar year ( kgN ),m-82ff2f7c,GROUNDED,medium,0.7528,,"This provision requires recording the type and amount of livestock manure intended to be sent off the holding during the derogation year, directly supporting the part of the guidance about manure sent off the farm.",COMPLETE,HAS_REPORTABLE_COMPARISON,15,2,13,bcand:2973cdbe802e63cb,The occupier must make a record of the type and amount of livestock manure intended to be sent off the holding during the calendar year to which the derogation relates.,lex-120b4f9c395b3f94,The Nitrate Pollution Prevention Regulations 2015,https://www.legislation.gov.uk/uksi/2015/668/contents/made,https://www.legislation.gov.uk/uksi/2015/668/schedule/3/paragraph/15,,,schedule:3:paragraph:15:subparagraph:1:item:a
ssafo-nitrates,https://www.gov.uk/guidance/grassland-derogations-for-livestock-manure-in-nitrate-vulnerable-zones,Grassland derogations for livestock manure in nitrate vulnerable zones,5fa75896-7631-11e4-a3cb-005056011aef,susan-41dbc58cc6ea1113-15,"When applying for a derogation, a farmer must provide the total amount of manure nitrogen from grazing livestock on their farm during the calendar year (kgN).",section:grassland-derogations-for-2026,total amount of manure nitrogen from grazing livestock on your farm during the calendar year ( kgN ),,,,,,,COMPLETE,ONLY_UNGROUNDED_CANDIDATES,15,0,15,,,,,,,,,
ssafo-nitrates,https://www.gov.uk/guidance/grassland-derogations-for-livestock-manure-in-nitrate-vulnerable-zones,Grassland derogations for livestock manure in nitrate vulnerable zones,5fa75896-7631-11e4-a3cb-005056011aef,susan-41dbc58cc6ea1113-16,"When applying for a derogation, a farmer must provide the amount of manure nitrogen produced by non-grazing livestock on their farm during the calendar year (kgN).",section:grassland-derogations-for-2026,amount of manure nitrogen produced by non-grazing livestock on your farm during the calendar year ( kgN ),,,,,,,COMPLETE,NO_CANDIDATES_FOUND,0,0,0,,,,,,,,,
ssafo-nitrates,https://www.gov.uk/guidance/grassland-derogations-for-livestock-manure-in-nitrate-vulnerable-zones,Grassland derogations for livestock manure in nitrate vulnerable zones,5fa75896-7631-11e4-a3cb-005056011aef,susan-41dbc58cc6ea1113-17,"When applying for a derogation, a farmer must provide the amount of manure nitrogen produced by non-grazing livestock they intend to bring onto or send off their farm during the calendar year (kgN).",section:grassland-derogations-for-2026,amount of manure nitrogen produced by non-grazing livestock you intend to bring onto or send off your farm during the calendar year ( kgN ),,,,,,,COMPLETE,NO_CANDIDATES_FOUND,0,0,0,,,,,,,,,
ssafo-nitrates,https://www.gov.uk/guidance/grassland-derogations-for-livestock-manure-in-nitrate-vulnerable-zones,Grassland derogations for livestock manure in nitrate vulnerable zones,5fa75896-7631-11e4-a3cb-005056011aef,susan-41dbc58cc6ea1113-18,"When applying for a derogation, a farmer must provide the total amount of manure nitrogen from non-grazing livestock on their farm during the calendar year (kgN).",section:grassland-derogations-for-2026,total amount of manure nitrogen from non-grazing livestock on your farm during the calendar year ( kgN ),m-ae30c821,GUIDANCE_BROADER,medium,0.755,,"Schedule 3 para 14(2) requires calculating and recording manure nitrogen from livestock as a derogation condition, but the guidance adds the specific restriction to non-grazing livestock and frames this as an application submission requirement, going beyond what the clause states.",COMPLETE,HAS_REPORTABLE_COMPARISON,14,1,13,bcand:8d7162b402e56536,"Having complied with the duty under sub-paragraph (1), the occupier must calculate and record the amount of nitrogen and phosphate in manure expected to be produced by the livestock on the holding during that year by reference to Schedule 1.",lex-120b4f9c395b3f94,The Nitrate Pollution Prevention Regulations 2015,https://www.legislation.gov.uk/uksi/2015/668/contents/made,https://www.legislation.gov.uk/uksi/2015/668/schedule/3/paragraph/14,,,schedule:3:paragraph:14:subparagraph:2
ssafo-nitrates,https://www.gov.uk/guidance/grassland-derogations-for-livestock-manure-in-nitrate-vulnerable-zones,Grassland derogations for livestock manure in nitrate vulnerable zones,5fa75896-7631-11e4-a3cb-005056011aef,susan-41dbc58cc6ea1113-19,"If a derogation application is successful, the farmer must formally agree in writing to the Environment Agency to fulfil the conditions of their derogation.",section:grassland-derogations-for-2026,"If your application is successful, you must formally agree to fulfil the conditions of your derogation in writing to the EA .",m-fdb636c2,GROUNDED,high,0.7075,,"Regulation 36(4) requires the occupier to send the Agency a written declaration that derogation conditions will be met, or the derogation lapses — this directly underpins the guidance that a successful applicant must formally agree in writing to the Environment Agency to fulfil the conditions.",COMPLETE,HAS_REPORTABLE_COMPARISON,12,1,11,bcand:e6b40a3919b91922,A derogation granted under regulation 36 ceases to have effect unless the occupier to whom the derogation is granted has sent to the Agency a written declaration that the conditions set out in Schedule 3 (the derogation conditions) will be met in relation to the holding.,lex-120b4f9c395b3f94,The Nitrate Pollution Prevention Regulations 2015,https://www.legislation.gov.uk/uksi/2015/668/contents/made,https://www.legislation.gov.uk/uksi/2015/668/regulation/36/4,,,regulation:36:paragraph:4
ssafo-nitrates,https://www.gov.uk/guidance/grassland-derogations-for-livestock-manure-in-nitrate-vulnerable-zones,Grassland derogations for livestock manure in nitrate vulnerable zones,5fa75896-7631-11e4-a3cb-005056011aef,susan-41dbc58cc6ea1113-2,"The 170kg per hectare nitrogen loading limit applies as an average across the whole holding, including manure deposited directly by grazing livestock and what is spread.",section:intro,This includes manure deposited directly by grazing livestock and what you spread. This limit is the loading limit and applies as an average across your holding.,,,,,,,COMPLETE,ONLY_UNGROUNDED_CANDIDATES,2,0,2,,,,,,,,,
ssafo-nitrates,https://www.gov.uk/guidance/grassland-derogations-for-livestock-manure-in-nitrate-vulnerable-zones,Grassland derogations for livestock manure in nitrate vulnerable zones,5fa75896-7631-11e4-a3cb-005056011aef,susan-41dbc58cc6ea1113-20,The Environment Agency will refuse a derogation application if the farmer does not meet the eligibility criteria or does not apply within the specified dates.,section:grassland-derogations-for-2026,"The EA will refuse your application if you do not meet the eligibility criteria or do not apply within the specified dates. If refused, the EA expects you to follow the 170kg nitrogen per hectare limit.",,,,,,,COMPLETE,ONLY_UNGROUNDED_CANDIDATES,8,0,8,,,,,,,,,
ssafo-nitrates,https://www.gov.uk/guidance/grassland-derogations-for-livestock-manure-in-nitrate-vulnerable-zones,Grassland derogations for livestock manure in nitrate vulnerable zones,5fa75896-7631-11e4-a3cb-005056011aef,susan-41dbc58cc6ea1113-21,"If a derogation application is refused, the Environment Agency expects the farmer to follow the 170kg nitrogen per hectare limit.",section:grassland-derogations-for-2026,"If refused, the EA expects you to follow the 170kg nitrogen per hectare limit.",,,,,,,COMPLETE,ONLY_UNGROUNDED_CANDIDATES,15,0,15,,,,,,,,,
ssafo-nitrates,https://www.gov.uk/guidance/grassland-derogations-for-livestock-manure-in-nitrate-vulnerable-zones,Grassland derogations for livestock manure in nitrate vulnerable zones,5fa75896-7631-11e4-a3cb-005056011aef,susan-41dbc58cc6ea1113-22,"The Environment Agency is required to carry out a Habitats Regulations Assessment (HRA) if a farm falls within or is near a European site designated under the Habitats Regulations, or is within the catchment of a European site in unfavourable conservation status due to nutrient pollution.",section:grassland-derogations-for-2026,The EA are required to carry out a Habitats Regulations Assessment (HRA) if your farm falls within or is near a European site designated under the Habitats Regulations or your farm is within the catchment of a European site that is in unfavourable conservation status due to nutrient pollution.,,,,,,,COMPLETE,ONLY_UNGROUNDED_CANDIDATES,15,0,15,,,,,,,,,
ssafo-nitrates,https://www.gov.uk/guidance/grassland-derogations-for-livestock-manure-in-nitrate-vulnerable-zones,Grassland derogations for livestock manure in nitrate vulnerable zones,5fa75896-7631-11e4-a3cb-005056011aef,susan-41dbc58cc6ea1113-23,"If a Habitats Regulations Assessment shows that granting a derogation would have an adverse effect on a European site, the derogation application may be refused.",section:grassland-derogations-for-2026,If the HRA shows that granting a derogation would have an adverse effect on a European site your application may be refused.,,,,,,,COMPLETE,ONLY_UNGROUNDED_CANDIDATES,1,0,1,,,,,,,,,
ssafo-nitrates,https://www.gov.uk/guidance/grassland-derogations-for-livestock-manure-in-nitrate-vulnerable-zones,Grassland derogations for livestock manure in nitrate vulnerable zones,5fa75896-7631-11e4-a3cb-005056011aef,susan-41dbc58cc6ea1113-24,The Environment Agency may refuse to give a derogation if the farmer had a derogation during a previous year but did not follow all the conditions for that derogation.,section:grassland-derogations-for-2026,The EA may also refuse to give you a derogation if you had a derogation during a previous year but did not follow all the conditions for that derogation.,m-8bca6a84,CONFLICTS,high,0.7349,,"Rule 1 would normally apply (factual_statement → UNGROUNDED), but the guidance is substantively asserting a regulatory rule about when the Agency may refuse. The law says the Agency 'must refuse' when a prior-year breach is found, but the guidance states it 'may refuse', which is a weaker and positively contradictory statement within the same regulatory framework.",COMPLETE,HAS_REPORTABLE_COMPARISON,8,1,7,bcand:3935f9d6579fd87f,The Agency must refuse a derogation application if the occupier has been found in breach of the derogation conditions during the calendar year preceding that to which the application relates.,lex-120b4f9c395b3f94,The Nitrate Pollution Prevention Regulations 2015,https://www.legislation.gov.uk/uksi/2015/668/contents/made,https://www.legislation.gov.uk/uksi/2015/668/regulation/37/7,,,regulation:37:paragraph:7
ssafo-nitrates,https://www.gov.uk/guidance/grassland-derogations-for-livestock-manure-in-nitrate-vulnerable-zones,Grassland derogations for livestock manure in nitrate vulnerable zones,5fa75896-7631-11e4-a3cb-005056011aef,susan-41dbc58cc6ea1113-25,"A farmer may appeal a refused derogation application within 30 days of the refusal, and an independent panel will consider the appeal.",section:grassland-derogations-for-2026,You can appeal within 30 days of your application being refused. An independent panel will consider your appeal.,,,,,,,COMPLETE,ONLY_UNGROUNDED_CANDIDATES,4,0,4,,,,,,,,,
ssafo-nitrates,https://www.gov.uk/guidance/grassland-derogations-for-livestock-manure-in-nitrate-vulnerable-zones,Grassland derogations for livestock manure in nitrate vulnerable zones,5fa75896-7631-11e4-a3cb-005056011aef,susan-41dbc58cc6ea1113-26,A derogation holder must meet all the conditions of their derogation and follow the rules that apply when using nitrogen fertilisers and storing organic manures in NVZs.,section:derogation-conditions,You must meet all the conditions of your derogation and follow the rules that apply when using nitrogen fertilisers and storing organic manures in NVZs .,m-b9bfb2d3,GROUNDED,high,0.7256,,"This provision directly imposes the obligation on occupiers granted a derogation to meet derogation conditions, which is exactly what the guidance states. The additional reference to nitrogen fertiliser and organic manure storage rules reflects the broader NVZ regulatory framework consistently applied to derogation holders.",COMPLETE,HAS_REPORTABLE_COMPARISON,3,1,2,bcand:daa6b18304ff4677,"Where the Agency grants a derogation application, the occupier of the designated holding must meet the derogation conditions in relation to that holding.",lex-120b4f9c395b3f94,The Nitrate Pollution Prevention Regulations 2015,https://www.legislation.gov.uk/uksi/2015/668/contents/made,https://www.legislation.gov.uk/uksi/2015/668/regulation/37/3,,,regulation:37:paragraph:3
ssafo-nitrates,https://www.gov.uk/guidance/grassland-derogations-for-livestock-manure-in-nitrate-vulnerable-zones,Grassland derogations for livestock manure in nitrate vulnerable zones,5fa75896-7631-11e4-a3cb-005056011aef,susan-41dbc58cc6ea1113-27,"If a farmer does not meet the conditions of a derogation for the year it covers, the Environment Agency may fine them.",,"If you do not meet the conditions of a derogation for the year it covers:
the EA may fine you",,,,,,,COMPLETE,ONLY_UNGROUNDED_CANDIDATES,15,0,15,,,,,,,,,
ssafo-nitrates,https://www.gov.uk/guidance/grassland-derogations-for-livestock-manure-in-nitrate-vulnerable-zones,Grassland derogations for livestock manure in nitrate vulnerable zones,5fa75896-7631-11e4-a3cb-005056011aef,susan-41dbc58cc6ea1113-28,"If a farmer does not meet the conditions of a derogation for the year it covers, they may not be eligible to apply for a derogation in the following year.",,"If you do not meet the conditions of a derogation for the year it covers:
you may not be eligible to apply for a derogation in the following year",,,,,,,COMPLETE,ONLY_UNGROUNDED_CANDIDATES,15,0,15,,,,,,,,,
ssafo-nitrates,https://www.gov.uk/guidance/grassland-derogations-for-livestock-manure-in-nitrate-vulnerable-zones,Grassland derogations for livestock manure in nitrate vulnerable zones,5fa75896-7631-11e4-a3cb-005056011aef,susan-41dbc58cc6ea1113-29,"A farmer will not be allowed to apply more than 170kg of nitrogen per hectare in livestock manure, averaged across their holding, if the Environment Agency withdraws their derogation.",,"You will not be allowed to apply more than 170kg of nitrogen per hectare in livestock manure, averaged across your holding, if the EA either:
withdraws your derogation
decides you're ineligible to apply for a derogation the following year",m-afd2848c,GROUNDED,high,0.7649,,"Regulation 7(1) directly imposes the 170kg nitrogen per hectare limit in livestock manure across the holding, which is exactly what the guidance states applies when a derogation is withdrawn. The guidance accurately restates the statutory floor in this provision.",COMPLETE,HAS_REPORTABLE_COMPARISON,5,1,4,bcand:44654d1fd1959fe9,"The occupier of a holding must ensure that, in any calendar year, the total amount of nitrogen in livestock manure applied to the holding (whether directly by an animal or by spreading) does not exceed 170 kg multiplied by the area of the holding in hectares.",lex-120b4f9c395b3f94,The Nitrate Pollution Prevention Regulations 2015,https://www.legislation.gov.uk/uksi/2015/668/contents/made,https://www.legislation.gov.uk/uksi/2015/668/regulation/7/1,,,regulation:7:paragraph:1
ssafo-nitrates,https://www.gov.uk/guidance/grassland-derogations-for-livestock-manure-in-nitrate-vulnerable-zones,Grassland derogations for livestock manure in nitrate vulnerable zones,5fa75896-7631-11e4-a3cb-005056011aef,susan-41dbc58cc6ea1113-3,A farmer may operate under a derogation to use up to 250kg of nitrogen per hectare from grazing livestock manure under certain conditions.,section:intro,You may be able to operate under a derogation to use up to 250kg of nitrogen per hectare from grazing livestock manure under certain conditions.,,,,,,,COMPLETE,ONLY_UNGROUNDED_CANDIDATES,6,0,6,,,,,,,,,
ssafo-nitrates,https://www.gov.uk/guidance/grassland-derogations-for-livestock-manure-in-nitrate-vulnerable-zones,Grassland derogations for livestock manure in nitrate vulnerable zones,5fa75896-7631-11e4-a3cb-005056011aef,susan-41dbc58cc6ea1113-30,"A farmer will not be allowed to apply more than 170kg of nitrogen per hectare in livestock manure, averaged across their holding, if the Environment Agency decides they are ineligible to apply for a derogation the following year.",,"You will not be allowed to apply more than 170kg of nitrogen per hectare in livestock manure, averaged across your holding, if the EA either:
withdraws your derogation
decides you're ineligible to apply for a derogation the following year",m-37a63606,GROUNDED,high,0.7691,,"Regulation 7(1) imposes the 170 kg/ha livestock-manure nitrogen limit across the holding, which is precisely the rule the guidance states applies when a derogation is unavailable; the guidance accurately reflects this statutory minimum.",COMPLETE,HAS_REPORTABLE_COMPARISON,4,1,3,bcand:44654d1fd1959fe9,"The occupier of a holding must ensure that, in any calendar year, the total amount of nitrogen in livestock manure applied to the holding (whether directly by an animal or by spreading) does not exceed 170 kg multiplied by the area of the holding in hectares.",lex-120b4f9c395b3f94,The Nitrate Pollution Prevention Regulations 2015,https://www.legislation.gov.uk/uksi/2015/668/contents/made,https://www.legislation.gov.uk/uksi/2015/668/regulation/7/1,,,regulation:7:paragraph:1
ssafo-nitrates,https://www.gov.uk/guidance/grassland-derogations-for-livestock-manure-in-nitrate-vulnerable-zones,Grassland derogations for livestock manure in nitrate vulnerable zones,5fa75896-7631-11e4-a3cb-005056011aef,susan-41dbc58cc6ea1113-31,"If a derogation holder ploughs grassland, they must plant a crop with a high nitrogen demand (for example, grass, potatoes, sugar beet, maize) within 4 weeks from the date of ploughing.",,"If you plough grassland where you have a derogation, you must plant one of the following:
a crop with a high nitrogen demand (for example, grass, potatoes, sugar beet, maize) within 4 weeks from the date of ploughing
grass within 6 weeks from the date of ploughing",m-f91f9007,GROUNDED,high,0.7959,,"The guidance accurately restates the statutory requirement in schedule 3, paragraph 10(1)(a): ploughed grassland must be re-sown with a high nitrogen demand crop within four weeks. The examples given (grass, potatoes, sugar beet, maize) are illustrative and consistent with the concept of high nitrogen demand crops.",COMPLETE,HAS_REPORTABLE_COMPARISON,4,1,3,bcand:f049bdaa13cdeba9,"Where any grass on the holding is ploughed, the land must be sown with a crop with high nitrogen demand within four weeks beginning with the day after the ploughing.",lex-120b4f9c395b3f94,The Nitrate Pollution Prevention Regulations 2015,https://www.legislation.gov.uk/uksi/2015/668/contents/made,https://www.legislation.gov.uk/uksi/2015/668/schedule/3/paragraph/10,,,schedule:3:paragraph:10:subparagraph:1:item:a
ssafo-nitrates,https://www.gov.uk/guidance/grassland-derogations-for-livestock-manure-in-nitrate-vulnerable-zones,Grassland derogations for livestock manure in nitrate vulnerable zones,5fa75896-7631-11e4-a3cb-005056011aef,susan-41dbc58cc6ea1113-32,"If a derogation holder ploughs grassland, they must plant grass within 6 weeks from the date of ploughing.",,"If you plough grassland where you have a derogation, you must plant one of the following:
a crop with a high nitrogen demand (for example, grass, potatoes, sugar beet, maize) within 4 weeks from the date of ploughing
grass within 6 weeks from the date of ploughing",m-f4b673a8,GROUNDED,high,0.7807,,"The law requires sowing with grass within six weeks beginning with the day after ploughing, and the guidance states planting grass within 6 weeks from the date of ploughing. The minor phrasing difference ('day after ploughing' vs 'date of ploughing') is negligible in practical effect, and the substance accurately reflects the legal requirement.",COMPLETE,HAS_REPORTABLE_COMPARISON,9,1,8,bcand:4a537bd92f9ecf0d,"Where any grass on the holding is ploughed, the land must be sown with grass within six weeks beginning with the day after the ploughing.",lex-120b4f9c395b3f94,The Nitrate Pollution Prevention Regulations 2015,https://www.legislation.gov.uk/uksi/2015/668/contents/made,https://www.legislation.gov.uk/uksi/2015/668/schedule/3/paragraph/10,,,schedule:3:paragraph:10:subparagraph:1:item:b
ssafo-nitrates,https://www.gov.uk/guidance/grassland-derogations-for-livestock-manure-in-nitrate-vulnerable-zones,Grassland derogations for livestock manure in nitrate vulnerable zones,5fa75896-7631-11e4-a3cb-005056011aef,susan-41dbc58cc6ea1113-33,A derogation holder must not plough temporary grassland on sandy soils between 1 July and 31 December.,section:ploughing-grassland-if-you-have-a-derogation,You must not plough temporary grassland on sandy soils between 1 July and 31 December.,m-95cdee43,GROUNDED,high,0.8198,,"The guidance accurately restates the legal prohibition: temporary grassland on sandy soils must not be ploughed between 1 July and 31 December, matching the candidate clause exactly.",COMPLETE,HAS_REPORTABLE_COMPARISON,3,1,2,bcand:e7808fa970b97232,Any temporary grassland on sandy soils on the holding must not be ploughed between 1 July and the following 31 December.,lex-120b4f9c395b3f94,The Nitrate Pollution Prevention Regulations 2015,https://www.legislation.gov.uk/uksi/2015/668/contents/made,https://www.legislation.gov.uk/uksi/2015/668/schedule/3/paragraph/9,,,schedule:3:paragraph:9:subparagraph:1
ssafo-nitrates,https://www.gov.uk/guidance/grassland-derogations-for-livestock-manure-in-nitrate-vulnerable-zones,Grassland derogations for livestock manure in nitrate vulnerable zones,5fa75896-7631-11e4-a3cb-005056011aef,susan-41dbc58cc6ea1113-34,A derogation holder must not plough any area of grass before 16 January if they spread livestock manure on that area in the previous year between 1 September and 31 December on sandy soils.,,"You must not plough any area of grass before 16 January if you've spread livestock manure on that area in the previous year between:
1 September and 31 December on sandy soils
15 October and 15 January on all other soils",m-ae27a318,GROUNDED,high,0.8239,,"The guidance accurately restates this provision word-for-word in substance: spreading on sandy soils between 1 September and 31 December triggers a prohibition on ploughing before the following 16 January. The guidance adds 'derogation holder' as subject, which is consistent with the derogation scheme context.",COMPLETE,HAS_REPORTABLE_COMPARISON,4,1,3,bcand:9024af88939a23c9,"Where livestock manure has been spread on grass on sandy soils on the holding between 1 September and 31 December, the grass must not be ploughed before the following 16 January.",lex-120b4f9c395b3f94,The Nitrate Pollution Prevention Regulations 2015,https://www.legislation.gov.uk/uksi/2015/668/contents/made,https://www.legislation.gov.uk/uksi/2015/668/schedule/3/paragraph/9,,,schedule:3:paragraph:9:subparagraph:2
ssafo-nitrates,https://www.gov.uk/guidance/grassland-derogations-for-livestock-manure-in-nitrate-vulnerable-zones,Grassland derogations for livestock manure in nitrate vulnerable zones,5fa75896-7631-11e4-a3cb-005056011aef,susan-41dbc58cc6ea1113-35,A derogation holder must not plough any area of grass before 16 January if they spread livestock manure on that area in the previous year between 15 October and 15 January on all other soils.,,"You must not plough any area of grass before 16 January if you've spread livestock manure on that area in the previous year between:
1 September and 31 December on sandy soils
15 October and 15 January on all other soils",m-245c07ab,GROUNDED,high,0.8221,,The guidance accurately restates this provision: livestock manure spread on grass (not on sandy soils) between 15 October and 15 January means no ploughing before the following 16 January. The guidance's phrase 'all other soils' correctly maps to 'not on sandy soils'.,COMPLETE,HAS_REPORTABLE_COMPARISON,3,1,2,bcand:cc3eed9d3842df42,"Where livestock manure has been spread on grass not on sandy soils on the holding between 15 October and the following 15 January, the grass must not be ploughed before the following 16 January.",lex-120b4f9c395b3f94,The Nitrate Pollution Prevention Regulations 2015,https://www.legislation.gov.uk/uksi/2015/668/contents/made,https://www.legislation.gov.uk/uksi/2015/668/schedule/3/paragraph/9,,,schedule:3:paragraph:9:subparagraph:3
ssafo-nitrates,https://www.gov.uk/guidance/grassland-derogations-for-livestock-manure-in-nitrate-vulnerable-zones,Grassland derogations for livestock manure in nitrate vulnerable zones,5fa75896-7631-11e4-a3cb-005056011aef,susan-41dbc58cc6ea1113-36,"A derogation holder must not grow leguminous or other atmospheric nitrogen-fixing plants in their rotation, except grass with less than 50% clover or legumes under-sown with grass.",,"You must not grow leguminous or other atmospheric nitrogen-fixing plants in your rotation, except:
grass with less than 50% clover
legumes under-sown with grass",m-defc24ac,GROUNDED,high,0.7544,,"This sub-paragraph provides the second exception (leguminous plants under-sown with grass), which directly corresponds to the 'legumes under-sown with grass' element of the guidance; the guidance accurately restates this provision.",COMPLETE,HAS_REPORTABLE_COMPARISON,4,2,2,bcand:bbe08030bdcf243a,Crop rotation on the holding must not include leguminous or other plants fixing atmospheric nitrogen except for— any other leguminous plant that is under-sown with grass.,lex-120b4f9c395b3f94,The Nitrate Pollution Prevention Regulations 2015,https://www.legislation.gov.uk/uksi/2015/668/contents/made,https://www.legislation.gov.uk/uksi/2015/668/schedule/3/paragraph/11,,,schedule:3:paragraph:11:subparagraph:b
ssafo-nitrates,https://www.gov.uk/guidance/grassland-derogations-for-livestock-manure-in-nitrate-vulnerable-zones,Grassland derogations for livestock manure in nitrate vulnerable zones,5fa75896-7631-11e4-a3cb-005056011aef,susan-41dbc58cc6ea1113-36,"A derogation holder must not grow leguminous or other atmospheric nitrogen-fixing plants in their rotation, except grass with less than 50% clover or legumes under-sown with grass.",,"You must not grow leguminous or other atmospheric nitrogen-fixing plants in your rotation, except:
grass with less than 50% clover
legumes under-sown with grass",m-cf09d5b9,GUIDANCE_INCOMPLETE,high,0.7932,,"This sub-paragraph covers the prohibition and the grass/clover exception, which the guidance reflects accurately, but the guidance also incorporates the second exception (under-sown with grass) from the sibling sub-paragraph — meaning taken alone, this clause only partially grounds the full guidance statement.",COMPLETE,HAS_REPORTABLE_COMPARISON,4,2,2,bcand:35ae41d6d9bb5652,"Crop rotation on the holding must not include leguminous or other plants fixing atmospheric nitrogen, except where the leguminous plant is grass containing less than 50% clover.",lex-120b4f9c395b3f94,The Nitrate Pollution Prevention Regulations 2015,https://www.legislation.gov.uk/uksi/2015/668/contents/made,https://www.legislation.gov.uk/uksi/2015/668/schedule/3/paragraph/11,,,schedule:3:paragraph:11:subparagraph:a
ssafo-nitrates,https://www.gov.uk/guidance/grassland-derogations-for-livestock-manure-in-nitrate-vulnerable-zones,Grassland derogations for livestock manure in nitrate vulnerable zones,5fa75896-7631-11e4-a3cb-005056011aef,susan-41dbc58cc6ea1113-37,A derogation holder must plan the amount of phosphate fertiliser they put on their land in an NVZ.,section:create-a-phosphate-plan,You must plan the amount of phosphate fertiliser you put on your land in an NVZ .,m-968c28a2,GROUNDED,high,0.7124,,"This provision directly requires the derogation holder to calculate the optimum amount of phosphate fertiliser to be spread on the crop, which corresponds to the guidance obligation to plan the amount of phosphate fertiliser put on their land in an NVZ.",COMPLETE,HAS_REPORTABLE_COMPARISON,15,1,14,bcand:3559c670248ac958,"The occupier must calculate the optimum amount of phosphate fertiliser that should be spread on the crop, taking into account the amount of available phosphorus calculated under paragraph (a).",lex-120b4f9c395b3f94,The Nitrate Pollution Prevention Regulations 2015,https://www.legislation.gov.uk/uksi/2015/668/contents/made,https://www.legislation.gov.uk/uksi/2015/668/schedule/3/paragraph/3,,,schedule:3:paragraph:3:subparagraph:1:item:b
ssafo-nitrates,https://www.gov.uk/guidance/grassland-derogations-for-livestock-manure-in-nitrate-vulnerable-zones,Grassland derogations for livestock manure in nitrate vulnerable zones,5fa75896-7631-11e4-a3cb-005056011aef,susan-41dbc58cc6ea1113-38,"Before using phosphate for the first time in a field where a crop is to be planted or has been planted, a derogation holder must calculate the amount of phosphate in the soil likely to be available for the crop during the growing season.",,"You must take the following steps before you use phosphate for the first time in a field where you're going to plant a crop or have planted a crop:
Calculate the amount of phosphate in the soil that's likely to be available for the crop to use during the growing season.",m-41b4899d,GROUNDED,high,0.7589,,"This clause directly requires the occupier to calculate the amount of phosphorus in the soil likely to be available for crop uptake during the growing season, which matches the guidance's description of the obligation to calculate available phosphate before use in a field.",COMPLETE,HAS_REPORTABLE_COMPARISON,13,2,11,bcand:08f7916de240864d,The occupier must calculate the amount of phosphorus in the soil that is likely to be available for uptake by the crop during the growing season.,lex-120b4f9c395b3f94,The Nitrate Pollution Prevention Regulations 2015,https://www.legislation.gov.uk/uksi/2015/668/contents/made,https://www.legislation.gov.uk/uksi/2015/668/schedule/3/paragraph/3,,,schedule:3:paragraph:3:subparagraph:1:item:a
ssafo-nitrates,https://www.gov.uk/guidance/grassland-derogations-for-livestock-manure-in-nitrate-vulnerable-zones,Grassland derogations for livestock manure in nitrate vulnerable zones,5fa75896-7631-11e4-a3cb-005056011aef,susan-41dbc58cc6ea1113-38,"Before using phosphate for the first time in a field where a crop is to be planted or has been planted, a derogation holder must calculate the amount of phosphate in the soil likely to be available for the crop during the growing season.",,"You must take the following steps before you use phosphate for the first time in a field where you're going to plant a crop or have planted a crop:
Calculate the amount of phosphate in the soil that's likely to be available for the crop to use during the growing season.",m-1a90e127,GROUNDED,high,0.7589,,This is an identical provision to bcand:08f7916de240864d and equally grounds the guidance on the calculation obligation.,COMPLETE,HAS_REPORTABLE_COMPARISON,13,2,11,bcand:5c6a379c94a18e10,The occupier must calculate the amount of phosphorus in the soil that is likely to be available for uptake by the crop during the growing season.,lex-120b4f9c395b3f94,The Nitrate Pollution Prevention Regulations 2015,https://www.legislation.gov.uk/uksi/2015/668/contents/made,https://www.legislation.gov.uk/uksi/2015/668/schedule/3/paragraph/3,,,schedule:3:paragraph:3:subparagraph:1:item:a
ssafo-nitrates,https://www.gov.uk/guidance/grassland-derogations-for-livestock-manure-in-nitrate-vulnerable-zones,Grassland derogations for livestock manure in nitrate vulnerable zones,5fa75896-7631-11e4-a3cb-005056011aef,susan-41dbc58cc6ea1113-39,"Before using phosphate for the first time in a field, a derogation holder must calculate the amount of phosphate that should be applied to the crop to get the best crops, taking into account the phosphate already available in the soil.",section:create-a-phosphate-plan,"Calculate the amount of phosphate that should be applied to the crop to get the best crops, taking into account the phosphate already available in the soil.",m-0f19c0b0,GROUNDED,high,0.7488,,"The law requires calculating the optimum amount of phosphate fertiliser taking into account available phosphorus, which directly corresponds to the guidance's instruction to calculate the amount of phosphate to get the best crops, accounting for phosphate already in the soil. The guidance accurately reflects this statutory obligation.",COMPLETE,HAS_REPORTABLE_COMPARISON,12,4,8,bcand:3559c670248ac958,"The occupier must calculate the optimum amount of phosphate fertiliser that should be spread on the crop, taking into account the amount of available phosphorus calculated under paragraph (a).",lex-120b4f9c395b3f94,The Nitrate Pollution Prevention Regulations 2015,https://www.legislation.gov.uk/uksi/2015/668/contents/made,https://www.legislation.gov.uk/uksi/2015/668/schedule/3/paragraph/3,,,schedule:3:paragraph:3:subparagraph:1:item:b
ssafo-nitrates,https://www.gov.uk/guidance/grassland-derogations-for-livestock-manure-in-nitrate-vulnerable-zones,Grassland derogations for livestock manure in nitrate vulnerable zones,5fa75896-7631-11e4-a3cb-005056011aef,susan-41dbc58cc6ea1113-39,"Before using phosphate for the first time in a field, a derogation holder must calculate the amount of phosphate that should be applied to the crop to get the best crops, taking into account the phosphate already available in the soil.",section:create-a-phosphate-plan,"Calculate the amount of phosphate that should be applied to the crop to get the best crops, taking into account the phosphate already available in the soil.",m-1f55675d,GROUNDED,medium,0.7158,,"This clause requires the fertilisation plan to record both the calculated soil phosphorus amount and the optimum phosphate fertiliser amount, effectively confirming that both the calculation of available soil phosphorus and the optimum application calculation are statutory requirements. The guidance reflects these underlying substantive obligations, though bcand:3559c670248ac958 is a more direct anchor.",COMPLETE,HAS_REPORTABLE_COMPARISON,12,4,8,bcand:faf27127ac00dc4d,"The fertilisation plan must record the amount of phosphorus calculated under paragraph 3(1)(a) and the method used to calculate that figure, and the optimum amount of phosphate fertiliser that should be spread on the crop taking into account that phosphorus amount.",lex-120b4f9c395b3f94,The Nitrate Pollution Prevention Regulations 2015,https://www.legislation.gov.uk/uksi/2015/668/contents/made,https://www.legislation.gov.uk/uksi/2015/668/schedule/3/paragraph/4,,,schedule:3:paragraph:4:subparagraph:2:items:a-b
ssafo-nitrates,https://www.gov.uk/guidance/grassland-derogations-for-livestock-manure-in-nitrate-vulnerable-zones,Grassland derogations for livestock manure in nitrate vulnerable zones,5fa75896-7631-11e4-a3cb-005056011aef,susan-41dbc58cc6ea1113-39,"Before using phosphate for the first time in a field, a derogation holder must calculate the amount of phosphate that should be applied to the crop to get the best crops, taking into account the phosphate already available in the soil.",section:create-a-phosphate-plan,"Calculate the amount of phosphate that should be applied to the crop to get the best crops, taking into account the phosphate already available in the soil.",m-27846e17,GUIDANCE_INCOMPLETE,medium,0.7332,,"This clause is one part of the two-step calculation process: first calculate available soil phosphorus, then calculate optimum phosphate fertiliser. The guidance conflates both steps into one, so it reflects this clause but incompletely separates the two statutory steps. However, bcand:3559c670248ac958 (item b) is the better anchor as the guidance is specifically about the optimum calculation.",COMPLETE,HAS_REPORTABLE_COMPARISON,12,4,8,bcand:08f7916de240864d,The occupier must calculate the amount of phosphorus in the soil that is likely to be available for uptake by the crop during the growing season.,lex-120b4f9c395b3f94,The Nitrate Pollution Prevention Regulations 2015,https://www.legislation.gov.uk/uksi/2015/668/contents/made,https://www.legislation.gov.uk/uksi/2015/668/schedule/3/paragraph/3,,,schedule:3:paragraph:3:subparagraph:1:item:a
ssafo-nitrates,https://www.gov.uk/guidance/grassland-derogations-for-livestock-manure-in-nitrate-vulnerable-zones,Grassland derogations for livestock manure in nitrate vulnerable zones,5fa75896-7631-11e4-a3cb-005056011aef,susan-41dbc58cc6ea1113-39,"Before using phosphate for the first time in a field, a derogation holder must calculate the amount of phosphate that should be applied to the crop to get the best crops, taking into account the phosphate already available in the soil.",section:create-a-phosphate-plan,"Calculate the amount of phosphate that should be applied to the crop to get the best crops, taking into account the phosphate already available in the soil.",m-45f2e643,GUIDANCE_INCOMPLETE,medium,0.7332,,"Identical in text to bcand:08f7916de240864d; same reasoning applies — this is step (a) of the calculation, and the guidance addresses both steps together without fully distinguishing the first step from the second.",COMPLETE,HAS_REPORTABLE_COMPARISON,12,4,8,bcand:5c6a379c94a18e10,The occupier must calculate the amount of phosphorus in the soil that is likely to be available for uptake by the crop during the growing season.,lex-120b4f9c395b3f94,The Nitrate Pollution Prevention Regulations 2015,https://www.legislation.gov.uk/uksi/2015/668/contents/made,https://www.legislation.gov.uk/uksi/2015/668/schedule/3/paragraph/3,,,schedule:3:paragraph:3:subparagraph:1:item:a
ssafo-nitrates,https://www.gov.uk/guidance/grassland-derogations-for-livestock-manure-in-nitrate-vulnerable-zones,Grassland derogations for livestock manure in nitrate vulnerable zones,5fa75896-7631-11e4-a3cb-005056011aef,susan-41dbc58cc6ea1113-4,A farmer may apply for a grassland derogation to use up to 250kg of nitrogen per hectare if the nitrogen comes from grazing livestock manure.,section:eligibility-for-a-grassland-derogation,"You can apply for a grassland derogation to use a higher limit of up to 250kg of nitrogen per hectare, if the nitrogen comes from grazing livestock manure.",,,,,,,COMPLETE,ONLY_UNGROUNDED_CANDIDATES,10,0,10,,,,,,,,,
ssafo-nitrates,https://www.gov.uk/guidance/grassland-derogations-for-livestock-manure-in-nitrate-vulnerable-zones,Grassland derogations for livestock manure in nitrate vulnerable zones,5fa75896-7631-11e4-a3cb-005056011aef,susan-41dbc58cc6ea1113-40,"Before using phosphate for the first time in a field, a derogation holder must calculate the amount of phosphate from any planned applications of organic manure that is likely to be available to the crop in the growing season in which it is spread.",,Calculate the amount of phosphate from any planned applications of organic manure that's likely to be available to the crop in the growing season in which you spread it.,m-beadc847,GUIDANCE_BROADER,medium,0.775,,"The law requires all occupiers to record phosphate from organic manure before spreading (no 'first-time use' restriction), whereas the guidance restricts the obligation to derogation holders using phosphate for the first time in a field — a narrower but also differently framed requirement. The guidance also frames this as a calculation step rather than a recording step, and adds the 'first use in a field' qualifier not present in the law, making it broader in specificity relative to a general ob",COMPLETE,HAS_REPORTABLE_COMPARISON,14,1,13,bcand:1a3b4db1707f8376,"Before spreading organic manure, the occupier must record the amount of phosphate likely to be supplied from the organic manure intended to be spread for the purpose of fertilising the crop in the growing season in which it is spread.",lex-120b4f9c395b3f94,The Nitrate Pollution Prevention Regulations 2015,https://www.legislation.gov.uk/uksi/2015/668/contents/made,https://www.legislation.gov.uk/uksi/2015/668/schedule/3/paragraph/6,,,schedule:3:paragraph:6:subparagraph:1:item:b
ssafo-nitrates,https://www.gov.uk/guidance/grassland-derogations-for-livestock-manure-in-nitrate-vulnerable-zones,Grassland derogations for livestock manure in nitrate vulnerable zones,5fa75896-7631-11e4-a3cb-005056011aef,susan-41dbc58cc6ea1113-41,"Before using phosphate for the first time in a field, a derogation holder must calculate the amount of manufactured phosphate fertiliser they will need.",section:create-a-phosphate-plan,Calculate the amount of manufactured phosphate fertiliser you will need.,m-9d720650,GUIDANCE_BROADER,medium,0.7767,,"The law requires the occupier (not specifically a 'derogation holder') to calculate the optimum phosphate amount before spreading, with no restriction to 'first time in a field'. The guidance narrows the obligation to derogation holders and to first-time use in a field, which adds a condition not present in the law clause, making it broader in one sense and narrower in another; on balance the guidance imposes a higher/more specific bar than the statutory text.",COMPLETE,HAS_REPORTABLE_COMPARISON,10,1,9,bcand:3559c670248ac958,"The occupier must calculate the optimum amount of phosphate fertiliser that should be spread on the crop, taking into account the amount of available phosphorus calculated under paragraph (a).",lex-120b4f9c395b3f94,The Nitrate Pollution Prevention Regulations 2015,https://www.legislation.gov.uk/uksi/2015/668/contents/made,https://www.legislation.gov.uk/uksi/2015/668/schedule/3/paragraph/3,,,schedule:3:paragraph:3:subparagraph:1:item:b
ssafo-nitrates,https://www.gov.uk/guidance/grassland-derogations-for-livestock-manure-in-nitrate-vulnerable-zones,Grassland derogations for livestock manure in nitrate vulnerable zones,5fa75896-7631-11e4-a3cb-005056011aef,susan-41dbc58cc6ea1113-42,A derogation holder must carry out phosphate availability from organic manure and manufactured phosphate calculations every time they spread manure or fertiliser.,section:create-a-phosphate-plan,You must also carry out steps 3 and 4 every time you spread manure or fertiliser.,m-b07a7f7c,GROUNDED,medium,0.7523,,"This clause requires recording before spreading organic manure the amount of phosphate likely to be supplied for fertilising the crop in the growing season — this is substantively a phosphate availability calculation per spreading event, aligning with the guidance's description.",COMPLETE,HAS_REPORTABLE_COMPARISON,15,4,11,bcand:1a3b4db1707f8376,"Before spreading organic manure, the occupier must record the amount of phosphate likely to be supplied from the organic manure intended to be spread for the purpose of fertilising the crop in the growing season in which it is spread.",lex-120b4f9c395b3f94,The Nitrate Pollution Prevention Regulations 2015,https://www.legislation.gov.uk/uksi/2015/668/contents/made,https://www.legislation.gov.uk/uksi/2015/668/schedule/3/paragraph/6,,,schedule:3:paragraph:6:subparagraph:1:item:b
ssafo-nitrates,https://www.gov.uk/guidance/grassland-derogations-for-livestock-manure-in-nitrate-vulnerable-zones,Grassland derogations for livestock manure in nitrate vulnerable zones,5fa75896-7631-11e4-a3cb-005056011aef,susan-41dbc58cc6ea1113-42,A derogation holder must carry out phosphate availability from organic manure and manufactured phosphate calculations every time they spread manure or fertiliser.,section:create-a-phosphate-plan,You must also carry out steps 3 and 4 every time you spread manure or fertiliser.,m-0f3d231c,GUIDANCE_BROADER,medium,0.7635,,"This clause requires recording the amount of manufactured phosphate fertiliser required before spreading — a pre-spread recording obligation. The guidance characterises this as a 'calculation every time they spread', which broadly aligns but conflates recording with calculation and applies it more generally than this specific clause.",COMPLETE,HAS_REPORTABLE_COMPARISON,15,4,11,bcand:eda691e6ddc2cd3d,"Before spreading manufactured phosphate fertiliser, the occupier must record the amount required, being the optimum amount of phosphate required by the crop less the amount of phosphate that will be supplied for crop uptake from any organic manure spread.",lex-120b4f9c395b3f94,The Nitrate Pollution Prevention Regulations 2015,https://www.legislation.gov.uk/uksi/2015/668/contents/made,https://www.legislation.gov.uk/uksi/2015/668/schedule/3/paragraph/6,,,schedule:3:paragraph:6:subparagraph:2:item:a
ssafo-nitrates,https://www.gov.uk/guidance/grassland-derogations-for-livestock-manure-in-nitrate-vulnerable-zones,Grassland derogations for livestock manure in nitrate vulnerable zones,5fa75896-7631-11e4-a3cb-005056011aef,susan-41dbc58cc6ea1113-42,A derogation holder must carry out phosphate availability from organic manure and manufactured phosphate calculations every time they spread manure or fertiliser.,section:create-a-phosphate-plan,You must also carry out steps 3 and 4 every time you spread manure or fertiliser.,m-eeaad6d3,GUIDANCE_BROADER,medium,0.7592,,"This clause requires recording total phosphate content of organic manure before spreading, which is one component of the guidance's described obligation. The guidance generalises this into a broader 'phosphate availability calculation' requirement, going beyond mere recording of total content.",COMPLETE,HAS_REPORTABLE_COMPARISON,15,4,11,bcand:1df88bea96d1ea65,"Before spreading organic manure, the occupier must record the total phosphate content of the organic manure.",lex-120b4f9c395b3f94,The Nitrate Pollution Prevention Regulations 2015,https://www.legislation.gov.uk/uksi/2015/668/contents/made,https://www.legislation.gov.uk/uksi/2015/668/schedule/3/paragraph/6,,,schedule:3:paragraph:6:subparagraph:1:item:a
ssafo-nitrates,https://www.gov.uk/guidance/grassland-derogations-for-livestock-manure-in-nitrate-vulnerable-zones,Grassland derogations for livestock manure in nitrate vulnerable zones,5fa75896-7631-11e4-a3cb-005056011aef,susan-41dbc58cc6ea1113-42,A derogation holder must carry out phosphate availability from organic manure and manufactured phosphate calculations every time they spread manure or fertiliser.,section:create-a-phosphate-plan,You must also carry out steps 3 and 4 every time you spread manure or fertiliser.,m-3e97e037,GUIDANCE_BROADER,medium,0.7452,,"This clause requires calculating the optimum amount of phosphate fertiliser taking into account available phosphorus, which is the closest match to a phosphate availability calculation. The guidance is broader in that it states this must happen 'every time they spread manure or fertiliser', while this clause applies to fertiliser planning rather than explicitly requiring repetition per spreading event.",COMPLETE,HAS_REPORTABLE_COMPARISON,15,4,11,bcand:3559c670248ac958,"The occupier must calculate the optimum amount of phosphate fertiliser that should be spread on the crop, taking into account the amount of available phosphorus calculated under paragraph (a).",lex-120b4f9c395b3f94,The Nitrate Pollution Prevention Regulations 2015,https://www.legislation.gov.uk/uksi/2015/668/contents/made,https://www.legislation.gov.uk/uksi/2015/668/schedule/3/paragraph/3,,,schedule:3:paragraph:3:subparagraph:1:item:b
ssafo-nitrates,https://www.gov.uk/guidance/grassland-derogations-for-livestock-manure-in-nitrate-vulnerable-zones,Grassland derogations for livestock manure in nitrate vulnerable zones,5fa75896-7631-11e4-a3cb-005056011aef,susan-41dbc58cc6ea1113-43,"Before using manure or fertiliser on any crop (including grass) in following growing seasons, a derogation holder must repeat the calculations for phosphate in the soil and the amount that should be applied.",,"Before you use manure or fertiliser on any crop (including grass) in following growing seasons, you must:
repeat steps 1 and 2
plan your fertiliser use for that growing season",m-d322aabb,GROUNDED,medium,0.7477,,"This clause requires the occupier to calculate the optimum amount of phosphate fertiliser to spread on the crop, accounting for available phosphorus — directly corresponding to the phosphate calculation the guidance requires before use. However, it captures only part of the annual timing element.",COMPLETE,HAS_REPORTABLE_COMPARISON,15,2,13,bcand:3559c670248ac958,"The occupier must calculate the optimum amount of phosphate fertiliser that should be spread on the crop, taking into account the amount of available phosphorus calculated under paragraph (a).",lex-120b4f9c395b3f94,The Nitrate Pollution Prevention Regulations 2015,https://www.legislation.gov.uk/uksi/2015/668/contents/made,https://www.legislation.gov.uk/uksi/2015/668/schedule/3/paragraph/3,,,schedule:3:paragraph:3:subparagraph:1:item:b
ssafo-nitrates,https://www.gov.uk/guidance/grassland-derogations-for-livestock-manure-in-nitrate-vulnerable-zones,Grassland derogations for livestock manure in nitrate vulnerable zones,5fa75896-7631-11e4-a3cb-005056011aef,susan-41dbc58cc6ea1113-43,"Before using manure or fertiliser on any crop (including grass) in following growing seasons, a derogation holder must repeat the calculations for phosphate in the soil and the amount that should be applied.",,"Before you use manure or fertiliser on any crop (including grass) in following growing seasons, you must:
repeat steps 1 and 2
plan your fertiliser use for that growing season",m-a35e7750,GROUNDED,high,0.7464,,"This clause explicitly requires the phosphate calculation duties (under sub-paragraph 1, including the optimum phosphate amount) to be performed each calendar year before spreading on permanent grassland — directly grounding the guidance's requirement to repeat calculations each growing season.",COMPLETE,HAS_REPORTABLE_COMPARISON,15,2,13,bcand:e35f247d4fb2ddf0,"In the case of permanent grassland, the occupier must comply with the duties under sub-paragraph (1) in each calendar year before spreading phosphate fertiliser.",lex-120b4f9c395b3f94,The Nitrate Pollution Prevention Regulations 2015,https://www.legislation.gov.uk/uksi/2015/668/contents/made,https://www.legislation.gov.uk/uksi/2015/668/schedule/3/paragraph/3,,,schedule:3:paragraph:3:subparagraph:2
ssafo-nitrates,https://www.gov.uk/guidance/grassland-derogations-for-livestock-manure-in-nitrate-vulnerable-zones,Grassland derogations for livestock manure in nitrate vulnerable zones,5fa75896-7631-11e4-a3cb-005056011aef,susan-41dbc58cc6ea1113-44,"Before using manure or fertiliser on any crop (including grass) in following growing seasons, a derogation holder must plan their fertiliser use for that growing season.",,"Before you use manure or fertiliser on any crop (including grass) in following growing seasons, you must:
repeat steps 1 and 2
plan your fertiliser use for that growing season",,,,,,,COMPLETE,ONLY_UNGROUNDED_CANDIDATES,9,0,9,,,,,,,,,
ssafo-nitrates,https://www.gov.uk/guidance/grassland-derogations-for-livestock-manure-in-nitrate-vulnerable-zones,Grassland derogations for livestock manure in nitrate vulnerable zones,5fa75896-7631-11e4-a3cb-005056011aef,susan-41dbc58cc6ea1113-45,"For permanent grassland, phosphate calculations must be made based on the farming year starting on 1 January.",section:create-a-phosphate-plan,"For permanent grassland, make your calculations based on the farming year starting on 1 January.",m-807aa25d,GROUNDED,high,0.7639,,"The law requires the occupier of permanent grassland to comply with phosphate-related duties in each calendar year (i.e. starting 1 January) before spreading phosphate fertiliser, which accurately underpins the guidance that phosphate calculations for permanent grassland must be based on the farming year starting 1 January.",COMPLETE,HAS_REPORTABLE_COMPARISON,1,1,0,bcand:e35f247d4fb2ddf0,"In the case of permanent grassland, the occupier must comply with the duties under sub-paragraph (1) in each calendar year before spreading phosphate fertiliser.",lex-120b4f9c395b3f94,The Nitrate Pollution Prevention Regulations 2015,https://www.legislation.gov.uk/uksi/2015/668/contents/made,https://www.legislation.gov.uk/uksi/2015/668/schedule/3/paragraph/3,,,schedule:3:paragraph:3:subparagraph:2
ssafo-nitrates,https://www.gov.uk/guidance/grassland-derogations-for-livestock-manure-in-nitrate-vulnerable-zones,Grassland derogations for livestock manure in nitrate vulnerable zones,5fa75896-7631-11e4-a3cb-005056011aef,susan-41dbc58cc6ea1113-46,A derogation holder must sample and analyse the soil at least once every 4 years to determine the amount of phosphorus available to crops during the growing season.,,You must sample and analyse the soil at least once every 4 years. This will tell you the amount of phosphorus in the soil that's likely to be available for the crop to use during the growing season.,m-e4fe31b1,GROUNDED,high,0.8261,,"The neighbouring proposition explicitly states the five-hectare granularity requirement and the same cropping and soil type qualifier, resolving both specific omissions identified in the original verdict.",COMPLETE,HAS_REPORTABLE_COMPARISON,4,1,3,bcand:502b73fd8b422b23,"At least every four years, the occupier of a derogated holding must undertake soil sampling and analysis for the supply of phosphorus of at least every five hectares of the agricultural area under the same cropping regime and soil type.",lex-120b4f9c395b3f94,The Nitrate Pollution Prevention Regulations 2015,https://www.legislation.gov.uk/uksi/2015/668/contents/made,https://www.legislation.gov.uk/uksi/2015/668/schedule/3/paragraph/5,,,schedule:3:paragraph:5:subparagraph:1
ssafo-nitrates,https://www.gov.uk/guidance/grassland-derogations-for-livestock-manure-in-nitrate-vulnerable-zones,Grassland derogations for livestock manure in nitrate vulnerable zones,5fa75896-7631-11e4-a3cb-005056011aef,susan-41dbc58cc6ea1113-47,A derogation holder must carry out soil sampling and analysis for at least every 5 hectares of their holding that has the same cropping and soil type.,section:sample-and-analyse-your-soil-field-records,You must do this for at least every 5 hectares of your holding that has the same cropping and soil type.,m-e5e37857,GROUNDED,high,0.7866,,"The surrounding guidance explicitly states 'A derogation holder must sample and analyse the soil at least once every 4 years to determine the amount of phosphorus available to crops during the growing season,' which directly covers both the four-yearly periodicity and the phosphorus-specific purpose that the original verdict found missing.",COMPLETE,HAS_REPORTABLE_COMPARISON,5,1,4,bcand:502b73fd8b422b23,"At least every four years, the occupier of a derogated holding must undertake soil sampling and analysis for the supply of phosphorus of at least every five hectares of the agricultural area under the same cropping regime and soil type.",lex-120b4f9c395b3f94,The Nitrate Pollution Prevention Regulations 2015,https://www.legislation.gov.uk/uksi/2015/668/contents/made,https://www.legislation.gov.uk/uksi/2015/668/schedule/3/paragraph/5,,,schedule:3:paragraph:5:subparagraph:1
ssafo-nitrates,https://www.gov.uk/guidance/grassland-derogations-for-livestock-manure-in-nitrate-vulnerable-zones,Grassland derogations for livestock manure in nitrate vulnerable zones,5fa75896-7631-11e4-a3cb-005056011aef,susan-41dbc58cc6ea1113-48,A derogation holder may use existing soil sampling results if they are less than 4 years old when the derogation starts.,,You can use existing soil sampling results if they're less than 4 years old when your derogation starts.,,,,,,,COMPLETE,ONLY_UNGROUNDED_CANDIDATES,3,0,3,,,,,,,,,
ssafo-nitrates,https://www.gov.uk/guidance/grassland-derogations-for-livestock-manure-in-nitrate-vulnerable-zones,Grassland derogations for livestock manure in nitrate vulnerable zones,5fa75896-7631-11e4-a3cb-005056011aef,susan-41dbc58cc6ea1113-49,"If a derogation holder does not have soil sampling data that is less than 4 years old, they must sample 75% of their farm area in the first year of the derogation.",,"If you have not got sampling data that's less than 4 years old, you'll need to sample 75% of your farm area in the first year of your derogation. You then need to sample the remaining 25% of your farm area in the year of your next derogation.",m-73e9c4fa,GROUNDED,high,0.794,,"The guidance accurately restates the legal requirement: where soil sampling data is not less than 4 years old (i.e., not carried out within four years before grant), 75% of the agricultural area must be sampled, and the guidance's 'first year of the derogation' corresponds to 'no later than 12 months after the grant of the derogation'.",COMPLETE,HAS_REPORTABLE_COMPARISON,3,1,2,bcand:b4fb61bf612875ae,"Where phosphorus soil sampling and analysis of the agricultural area of the derogated holding under the same cropping regime and soil type has not been carried out within four years before the grant of the derogation, such sampling and analysis must be carried out on 75% of the agricultural area no later than 12 months after the grant of the derogation.",lex-120b4f9c395b3f94,The Nitrate Pollution Prevention Regulations 2015,https://www.legislation.gov.uk/uksi/2015/668/contents/made,https://www.legislation.gov.uk/uksi/2015/668/schedule/3/paragraph/5,,,schedule:3:paragraph:5:subparagraph:3:item:a
ssafo-nitrates,https://www.gov.uk/guidance/grassland-derogations-for-livestock-manure-in-nitrate-vulnerable-zones,Grassland derogations for livestock manure in nitrate vulnerable zones,5fa75896-7631-11e4-a3cb-005056011aef,susan-41dbc58cc6ea1113-5,"Grazing livestock for the purposes of the grassland derogation are: cattle (except veal calves), sheep, deer, goats, and horses.",,"Grazing livestock are:
cattle (except for veal calves)
sheep
deer
goats
horses",,,,,,,COMPLETE,ONLY_UNGROUNDED_CANDIDATES,11,0,11,,,,,,,,,
ssafo-nitrates,https://www.gov.uk/guidance/grassland-derogations-for-livestock-manure-in-nitrate-vulnerable-zones,Grassland derogations for livestock manure in nitrate vulnerable zones,5fa75896-7631-11e4-a3cb-005056011aef,susan-41dbc58cc6ea1113-50,A derogation holder must sample the remaining 25% of their farm area in the year of their next derogation if they sampled 75% in the first year.,section:sample-and-analyse-your-soil-field-records,You then need to sample the remaining 25% of your farm area in the year of your next derogation.,m-8e346bf7,GROUNDED,high,0.7915,,"This clause requires 100% sampling by 12 months after the next derogation is granted, meaning the remaining 25% (after 75% was done in year one) must be completed in the year of the next derogation — accurately reflecting the guidance's statement.",COMPLETE,HAS_REPORTABLE_COMPARISON,5,2,3,bcand:388559623da4def5,"Where phosphorus soil sampling and analysis of the agricultural area of the derogated holding under the same cropping regime and soil type has not been carried out within four years before the grant of the derogation, such sampling and analysis must be carried out on 100% of the agricultural area no later than 12 months after the date on which a derogation is next granted to the occupier.",lex-120b4f9c395b3f94,The Nitrate Pollution Prevention Regulations 2015,https://www.legislation.gov.uk/uksi/2015/668/contents/made,https://www.legislation.gov.uk/uksi/2015/668/schedule/3/paragraph/5,,,schedule:3:paragraph:5:subparagraph:3:item:b
ssafo-nitrates,https://www.gov.uk/guidance/grassland-derogations-for-livestock-manure-in-nitrate-vulnerable-zones,Grassland derogations for livestock manure in nitrate vulnerable zones,5fa75896-7631-11e4-a3cb-005056011aef,susan-41dbc58cc6ea1113-50,A derogation holder must sample the remaining 25% of their farm area in the year of their next derogation if they sampled 75% in the first year.,section:sample-and-analyse-your-soil-field-records,You then need to sample the remaining 25% of your farm area in the year of your next derogation.,m-2cae6a77,GUIDANCE_INCOMPLETE,high,0.792,,"This clause governs the first-year 75% sampling obligation (within 12 months of the grant of the derogation), which the guidance presupposes but does not restate. The guidance addresses only the follow-on obligation for the remaining 25%, so this clause is only partially reflected.",COMPLETE,HAS_REPORTABLE_COMPARISON,5,2,3,bcand:b4fb61bf612875ae,"Where phosphorus soil sampling and analysis of the agricultural area of the derogated holding under the same cropping regime and soil type has not been carried out within four years before the grant of the derogation, such sampling and analysis must be carried out on 75% of the agricultural area no later than 12 months after the grant of the derogation.",lex-120b4f9c395b3f94,The Nitrate Pollution Prevention Regulations 2015,https://www.legislation.gov.uk/uksi/2015/668/contents/made,https://www.legislation.gov.uk/uksi/2015/668/schedule/3/paragraph/5,,,schedule:3:paragraph:5:subparagraph:3:item:a
ssafo-nitrates,https://www.gov.uk/guidance/grassland-derogations-for-livestock-manure-in-nitrate-vulnerable-zones,Grassland derogations for livestock manure in nitrate vulnerable zones,5fa75896-7631-11e4-a3cb-005056011aef,susan-41dbc58cc6ea1113-51,A derogation holder must record their nitrogen use and any phosphate they use from manufactured fertilisers and organic manures in their fertilisation plan and field records.,,"In your fertilisation plan and field records you must record your nitrogen use and any phosphate you use from:
manufactured fertilisers
organic manures",m-229c2a34,GROUNDED,medium,0.7426,,"This Schedule 3 derogation condition requires the occupier (derogation holder) to calculate and record the amount of nitrogen and phosphate in manure produced by livestock, which partially supports the guidance's claim that derogation holders must record nitrogen and phosphate use from organic manures.",COMPLETE,HAS_REPORTABLE_COMPARISON,15,4,11,bcand:8d7162b402e56536,"Having complied with the duty under sub-paragraph (1), the occupier must calculate and record the amount of nitrogen and phosphate in manure expected to be produced by the livestock on the holding during that year by reference to Schedule 1.",lex-120b4f9c395b3f94,The Nitrate Pollution Prevention Regulations 2015,https://www.legislation.gov.uk/uksi/2015/668/contents/made,https://www.legislation.gov.uk/uksi/2015/668/schedule/3/paragraph/14,,,schedule:3:paragraph:14:subparagraph:2
ssafo-nitrates,https://www.gov.uk/guidance/grassland-derogations-for-livestock-manure-in-nitrate-vulnerable-zones,Grassland derogations for livestock manure in nitrate vulnerable zones,5fa75896-7631-11e4-a3cb-005056011aef,susan-41dbc58cc6ea1113-51,A derogation holder must record their nitrogen use and any phosphate they use from manufactured fertilisers and organic manures in their fertilisation plan and field records.,,"In your fertilisation plan and field records you must record your nitrogen use and any phosphate you use from:
manufactured fertilisers
organic manures",m-1d5ac5d0,GUIDANCE_BROADER,medium,0.7462,,"This is a scope/heading clause that identifies Schedule 3 as the derogation conditions under Regulation 36(4). The guidance goes beyond merely restating this scope by specifying substantive recording obligations, so it is broader than what this clause alone states.",COMPLETE,HAS_REPORTABLE_COMPARISON,15,4,11,bcand:0668981f10fe0172,"A derogation from the nitrate action programme requirements is subject to the conditions set out in Schedule 3, as provided under Regulation 36(4).",lex-120b4f9c395b3f94,The Nitrate Pollution Prevention Regulations 2015,https://www.legislation.gov.uk/uksi/2015/668/contents/made,https://www.legislation.gov.uk/uksi/2015/668/schedule/3%20%E2%80%94%20heading%20%27the%20derogation%20conditions%20regulation%2036%284%29%27,,,schedule:3 — heading 'The derogation conditions Regulation 36(4)'
ssafo-nitrates,https://www.gov.uk/guidance/grassland-derogations-for-livestock-manure-in-nitrate-vulnerable-zones,Grassland derogations for livestock manure in nitrate vulnerable zones,5fa75896-7631-11e4-a3cb-005056011aef,susan-41dbc58cc6ea1113-51,A derogation holder must record their nitrogen use and any phosphate they use from manufactured fertilisers and organic manures in their fertilisation plan and field records.,,"In your fertilisation plan and field records you must record your nitrogen use and any phosphate you use from:
manufactured fertilisers
organic manures",m-ca67bae7,GUIDANCE_INCOMPLETE,medium,0.7504,,"This clause under Schedule 3 (derogation conditions) specifically requires derogation holders to record phosphate supplied for crop uptake from organic manure within one week of spreading. The guidance mentions phosphate from organic manures but does not specify the one-week deadline, making it incomplete relative to this specific requirement.",COMPLETE,HAS_REPORTABLE_COMPARISON,15,4,11,bcand:6e124046da8805bc,"The occupier must record, within one week of spreading organic manure, the amount of phosphate that was supplied for uptake by the crop.",lex-120b4f9c395b3f94,The Nitrate Pollution Prevention Regulations 2015,https://www.legislation.gov.uk/uksi/2015/668/contents/made,https://www.legislation.gov.uk/uksi/2015/668/schedule/3/paragraph/17,,,schedule:3:paragraph:17:subparagraph:a:item:ii
ssafo-nitrates,https://www.gov.uk/guidance/grassland-derogations-for-livestock-manure-in-nitrate-vulnerable-zones,Grassland derogations for livestock manure in nitrate vulnerable zones,5fa75896-7631-11e4-a3cb-005056011aef,susan-41dbc58cc6ea1113-51,A derogation holder must record their nitrogen use and any phosphate they use from manufactured fertilisers and organic manures in their fertilisation plan and field records.,,"In your fertilisation plan and field records you must record your nitrogen use and any phosphate you use from:
manufactured fertilisers
organic manures",m-d30e86f3,GUIDANCE_INCOMPLETE,medium,0.7415,,"This Schedule 3 derogation condition requires the occupier to record the total phosphorus content within one week of spreading organic manure. The guidance refers to phosphate recording but does not capture this specific timing requirement, making it incomplete.",COMPLETE,HAS_REPORTABLE_COMPARISON,15,4,11,bcand:b5bdc4ebdaf0b42a,"The occupier must record, within one week of spreading organic manure, the total phosphorus content.",lex-120b4f9c395b3f94,The Nitrate Pollution Prevention Regulations 2015,https://www.legislation.gov.uk/uksi/2015/668/contents/made,https://www.legislation.gov.uk/uksi/2015/668/schedule/3/paragraph/17,,,schedule:3:paragraph:17:subparagraph:a:item:i
ssafo-nitrates,https://www.gov.uk/guidance/grassland-derogations-for-livestock-manure-in-nitrate-vulnerable-zones,Grassland derogations for livestock manure in nitrate vulnerable zones,5fa75896-7631-11e4-a3cb-005056011aef,susan-41dbc58cc6ea1113-52,A derogation holder must record how much phosphate and nitrogen any manure contains within one week of bringing it onto their holding.,section:record-keeping,You must record how much phosphate and nitrogen any manure contains within one week of bringing it onto your holding.,m-35414b1d,CONFLICTS,medium,0.8052,,"Both sit within the same nitrates/manure regulatory framework and address recording nitrogen content of manure brought onto a holding within one week, but the law only requires recording when the nitrogen content is 'not known' and after it is ascertained — whereas the guidance states it must be recorded within one week of bringing the manure onto the holding regardless of prior knowledge. These are substantively inconsistent trigger conditions within the same framework.",COMPLETE,HAS_REPORTABLE_COMPARISON,3,1,2,bcand:8816503298c2ba34,"Where the nitrogen content of livestock manure brought on to a holding is not known, the occupier must record it within one week of ascertaining it.",lex-120b4f9c395b3f94,The Nitrate Pollution Prevention Regulations 2015,https://www.legislation.gov.uk/uksi/2015/668/contents/made,https://www.legislation.gov.uk/uksi/2015/668/regulation/28/3,,,regulation:28:paragraph:3
ssafo-nitrates,https://www.gov.uk/guidance/grassland-derogations-for-livestock-manure-in-nitrate-vulnerable-zones,Grassland derogations for livestock manure in nitrate vulnerable zones,5fa75896-7631-11e4-a3cb-005056011aef,susan-41dbc58cc6ea1113-53,"If a derogation holder does not know the phosphate content of manure brought onto their farm, they must analyse or calculate the amount and record it within a week of finding it out.",section:record-keeping,"If you do not know the phosphate content of manure you bring onto your farm, you must analyse or calculate the amount. Record the amount within a week of finding it out.",,,,,,,COMPLETE,ONLY_UNGROUNDED_CANDIDATES,9,0,9,,,,,,,,,
ssafo-nitrates,https://www.gov.uk/guidance/grassland-derogations-for-livestock-manure-in-nitrate-vulnerable-zones,Grassland derogations for livestock manure in nitrate vulnerable zones,5fa75896-7631-11e4-a3cb-005056011aef,susan-41dbc58cc6ea1113-54,"By 1 March of each year in which a farmer has a derogation, they must have recorded the size of the agricultural area of their holding in hectares (updated within one month if it changes).",,"By 1 March of each year in which you have a derogation, you must have the following information recorded:
the size of the agricultural area of your holding in hectares (update within one month if this changes)",m-68ebff98,GUIDANCE_BROADER,high,0.7661,,"The law requires recording the total agricultural area and grass area by 1st March each calendar year, which matches the guidance's 1 March deadline; however, the guidance adds a requirement to update within one month if the area changes, which goes beyond what this clause states, making the guidance broader.",COMPLETE,HAS_REPORTABLE_COMPARISON,15,1,14,bcand:ee54aa7c2d046744,The occupier must record the total agricultural area and the area of grass within the holding by 1st March for each calendar year.,lex-120b4f9c395b3f94,The Nitrate Pollution Prevention Regulations 2015,https://www.legislation.gov.uk/uksi/2015/668/contents/made,https://www.legislation.gov.uk/uksi/2015/668/schedule/3/paragraph/12,,,schedule:3:paragraph:12:subparagraph:1
ssafo-nitrates,https://www.gov.uk/guidance/grassland-derogations-for-livestock-manure-in-nitrate-vulnerable-zones,Grassland derogations for livestock manure in nitrate vulnerable zones,5fa75896-7631-11e4-a3cb-005056011aef,susan-41dbc58cc6ea1113-55,"By 1 March of each year in which a farmer has a derogation, they must have recorded the size of the area of grassland for that calendar year in hectares (updated within one month if it changes).",,"By 1 March of each year in which you have a derogation, you must have the following information recorded:
the size of the area of grassland for that calendar year in hectares (update within one month if this changes)",m-2b11fba3,GUIDANCE_BROADER,high,0.7738,,"The law requires recording total agricultural area and grass area by 1 March; the guidance specifies the unit (hectares) and adds a requirement to update the record within one month if the area changes, which goes beyond what the statutory text states.",COMPLETE,HAS_REPORTABLE_COMPARISON,11,1,10,bcand:ee54aa7c2d046744,The occupier must record the total agricultural area and the area of grass within the holding by 1st March for each calendar year.,lex-120b4f9c395b3f94,The Nitrate Pollution Prevention Regulations 2015,https://www.legislation.gov.uk/uksi/2015/668/contents/made,https://www.legislation.gov.uk/uksi/2015/668/schedule/3/paragraph/12,,,schedule:3:paragraph:12:subparagraph:1
ssafo-nitrates,https://www.gov.uk/guidance/grassland-derogations-for-livestock-manure-in-nitrate-vulnerable-zones,Grassland derogations for livestock manure in nitrate vulnerable zones,5fa75896-7631-11e4-a3cb-005056011aef,susan-41dbc58cc6ea1113-56,"By 1 March of each year in which a farmer has a derogation, they must have recorded a written description of the livestock housing and manure storage systems on their farm, including the volume of manure storage available.",,"By 1 March of each year in which you have a derogation, you must have the following information recorded:
a written description of the livestock housing and manure storage systems you have on your farm, including the volume of the manure storage available",m-5e46da81,GROUNDED,high,0.8174,,"The law clause requires the occupier to record a description of livestock housing and manure storage systems including volume of storage by 1 March each calendar year, which matches the guidance accurately. The guidance's limitation to derogation years does not conflict — it may simply be contextualising the applicable years without contradicting the legal text.",COMPLETE,HAS_REPORTABLE_COMPARISON,5,1,4,bcand:35295d3e9bfe34b2,The occupier must make a record describing the livestock housing and manure storage systems together with the volume of manure storage in place on the holding by 1st March for each calendar year.,lex-120b4f9c395b3f94,The Nitrate Pollution Prevention Regulations 2015,https://www.legislation.gov.uk/uksi/2015/668/contents/made,https://www.legislation.gov.uk/uksi/2015/668/schedule/3/paragraph/13,,,schedule:3:paragraph:13
ssafo-nitrates,https://www.gov.uk/guidance/grassland-derogations-for-livestock-manure-in-nitrate-vulnerable-zones,Grassland derogations for livestock manure in nitrate vulnerable zones,5fa75896-7631-11e4-a3cb-005056011aef,susan-41dbc58cc6ea1113-57,"By 1 March of each year in which a farmer has a derogation, they must have recorded the numbers and type of livestock they expect to have on their holding during the remaining part of the calendar year.",,"By 1 March of each year in which you have a derogation, you must have the following information recorded:
the numbers and type of livestock you expect to have on your holding during the remaining part of the calendar year",m-9208fa73,GROUNDED,high,0.7638,,"Paragraph 14(3) sets the 1 March deadline for records required under paragraph 14, directly corroborating the timing element of the guidance. Taken together with paragraph 14(1), this fully supports the guidance.",COMPLETE,HAS_REPORTABLE_COMPARISON,9,2,7,bcand:c5f1228f9ce5953e,A record required under paragraph 14 must be made by 1st March for the calendar year concerned.,lex-120b4f9c395b3f94,The Nitrate Pollution Prevention Regulations 2015,https://www.legislation.gov.uk/uksi/2015/668/contents/made,https://www.legislation.gov.uk/uksi/2015/668/schedule/3/paragraph/14,,,schedule:3:paragraph:14:subparagraph:3
ssafo-nitrates,https://www.gov.uk/guidance/grassland-derogations-for-livestock-manure-in-nitrate-vulnerable-zones,Grassland derogations for livestock manure in nitrate vulnerable zones,5fa75896-7631-11e4-a3cb-005056011aef,susan-41dbc58cc6ea1113-57,"By 1 March of each year in which a farmer has a derogation, they must have recorded the numbers and type of livestock they expect to have on their holding during the remaining part of the calendar year.",,"By 1 March of each year in which you have a derogation, you must have the following information recorded:
the numbers and type of livestock you expect to have on your holding during the remaining part of the calendar year",m-437641f3,GROUNDED,high,0.7617,,"Paragraph 14(1) precisely requires recording the expected number and category (type) of livestock on the holding during the derogation year, matching the substantive content of the guidance. The guidance accurately restates this obligation.",COMPLETE,HAS_REPORTABLE_COMPARISON,9,2,7,bcand:b78d53d22a69d16a,"The occupier must make a record of the expected number of livestock animals to be kept on the holding during the calendar year to which the derogation relates, and the category for each animal by reference to the categories in Schedule 1.",lex-120b4f9c395b3f94,The Nitrate Pollution Prevention Regulations 2015,https://www.legislation.gov.uk/uksi/2015/668/contents/made,https://www.legislation.gov.uk/uksi/2015/668/schedule/3/paragraph/14,,,schedule:3:paragraph:14:subparagraph:1
ssafo-nitrates,https://www.gov.uk/guidance/grassland-derogations-for-livestock-manure-in-nitrate-vulnerable-zones,Grassland derogations for livestock manure in nitrate vulnerable zones,5fa75896-7631-11e4-a3cb-005056011aef,susan-41dbc58cc6ea1113-58,"By 1 March of each year in which a farmer has a derogation, they must have recorded an estimate of the manure nitrogen and phosphate that their livestock will produce during the current calendar year.",,"By 1 March of each year in which you have a derogation, you must have the following information recorded:
an estimate of the manure nitrogen and phosphate that your livestock will produce during the current calendar year",m-d79e2c68,GROUNDED,high,0.7673,,"This provision directly requires the occupier to calculate and record the amount of nitrogen and phosphate in manure expected to be produced by livestock on the holding during the year, which matches the substance of the guidance (an estimate of manure nitrogen and phosphate from livestock).",COMPLETE,HAS_REPORTABLE_COMPARISON,14,2,12,bcand:8d7162b402e56536,"Having complied with the duty under sub-paragraph (1), the occupier must calculate and record the amount of nitrogen and phosphate in manure expected to be produced by the livestock on the holding during that year by reference to Schedule 1.",lex-120b4f9c395b3f94,The Nitrate Pollution Prevention Regulations 2015,https://www.legislation.gov.uk/uksi/2015/668/contents/made,https://www.legislation.gov.uk/uksi/2015/668/schedule/3/paragraph/14,,,schedule:3:paragraph:14:subparagraph:2
ssafo-nitrates,https://www.gov.uk/guidance/grassland-derogations-for-livestock-manure-in-nitrate-vulnerable-zones,Grassland derogations for livestock manure in nitrate vulnerable zones,5fa75896-7631-11e4-a3cb-005056011aef,susan-41dbc58cc6ea1113-58,"By 1 March of each year in which a farmer has a derogation, they must have recorded an estimate of the manure nitrogen and phosphate that their livestock will produce during the current calendar year.",,"By 1 March of each year in which you have a derogation, you must have the following information recorded:
an estimate of the manure nitrogen and phosphate that your livestock will produce during the current calendar year",m-5b6c1101,GROUNDED,high,0.752,,"This provision establishes the 1 March deadline for the record required under paragraph 14, directly supporting the guidance's statement that the record must be made by 1 March of each year in which the farmer has a derogation.",COMPLETE,HAS_REPORTABLE_COMPARISON,14,2,12,bcand:c5f1228f9ce5953e,A record required under paragraph 14 must be made by 1st March for the calendar year concerned.,lex-120b4f9c395b3f94,The Nitrate Pollution Prevention Regulations 2015,https://www.legislation.gov.uk/uksi/2015/668/contents/made,https://www.legislation.gov.uk/uksi/2015/668/schedule/3/paragraph/14,,,schedule:3:paragraph:14:subparagraph:3
ssafo-nitrates,https://www.gov.uk/guidance/grassland-derogations-for-livestock-manure-in-nitrate-vulnerable-zones,Grassland derogations for livestock manure in nitrate vulnerable zones,5fa75896-7631-11e4-a3cb-005056011aef,susan-41dbc58cc6ea1113-59,A derogation holder must send the Environment Agency details about their farming practices and fertiliser use for the period 1 January to 31 December by 30 April in the year following the derogation.,section:submit-your-fertilisation-account,You must send the EA details about your farming practices and fertiliser use for the period 1 January to 31 December. You must send the details by 30 April in the year following the derogation. This is your fertilisation account.,,,,,,,COMPLETE,ONLY_UNGROUNDED_CANDIDATES,15,0,15,,,,,,,,,
ssafo-nitrates,https://www.gov.uk/guidance/grassland-derogations-for-livestock-manure-in-nitrate-vulnerable-zones,Grassland derogations for livestock manure in nitrate vulnerable zones,5fa75896-7631-11e4-a3cb-005056011aef,susan-41dbc58cc6ea1113-6,"A farmer cannot obtain permission to use more than 170kg of nitrogen per hectare from non-grazing livestock (veal calves, pigs, or poultry) and must keep within the 170kg per hectare limit for such livestock.",section:eligibility-for-a-grassland-derogation,"You cannot get permission to use more nitrogen from non-grazing livestock (veal calves, pigs or poultry) and must keep within the 170kg per hectare limit.",m-97961b87,GROUNDED,high,0.7768,,"The surrounding guidance explicitly states that 'A livestock manure holder in a nitrate vulnerable zone may apply up to 170kg per hectare of nitrogen in livestock manure on their holding in each calendar year' and that 'The 170kg per hectare nitrogen loading limit applies as an average across the whole holding, including manure deposited directly by grazing livestock and what is spread', thereby c",COMPLETE,HAS_REPORTABLE_COMPARISON,4,1,3,bcand:44654d1fd1959fe9,"The occupier of a holding must ensure that, in any calendar year, the total amount of nitrogen in livestock manure applied to the holding (whether directly by an animal or by spreading) does not exceed 170 kg multiplied by the area of the holding in hectares.",lex-120b4f9c395b3f94,The Nitrate Pollution Prevention Regulations 2015,https://www.legislation.gov.uk/uksi/2015/668/contents/made,https://www.legislation.gov.uk/uksi/2015/668/regulation/7/1,,,regulation:7:paragraph:1
ssafo-nitrates,https://www.gov.uk/guidance/grassland-derogations-for-livestock-manure-in-nitrate-vulnerable-zones,Grassland derogations for livestock manure in nitrate vulnerable zones,5fa75896-7631-11e4-a3cb-005056011aef,susan-41dbc58cc6ea1113-60,"A derogation holder's fertilisation account must show the total agricultural area of their derogated holding and the area in hectares covered by specified crops including winter wheat, spring wheat, winter barley, spring barley, winter oilseed rape, sugar beet, potatoes, forage maize, and grass.",,"Your fertilisation account must show the total agricultural area of your derogated holding and the area (in hectares) covered by each of the following crops:
winter wheat
spring wheat
winter barley
spring barley
winter oilseed rape
sugar beet
potatoes
forage maize
grass",m-77f6d7b8,GROUNDED,high,0.78,,"Neighbouring propositions explicitly cover both omissions: 'other crops' is addressed in the fertilisation account proposition, and the number and category of livestock requirement is covered by the fertilisation plan proposition about livestock numbers and categories.",COMPLETE,HAS_REPORTABLE_COMPARISON,13,1,12,bcand:1b99ae650c93657e,"The accounts must record the total agricultural area of the holding, the area covered by each specified crop type (winter wheat, spring wheat, winter barley, spring barley, winter oilseed rape, sugar beet, potatoes, forage maize, grass, and other crops), and the number and category of animals kept on the holding by reference to Schedule 1.",lex-120b4f9c395b3f94,The Nitrate Pollution Prevention Regulations 2015,https://www.legislation.gov.uk/uksi/2015/668/contents/made,https://www.legislation.gov.uk/uksi/2015/668/schedule/3/paragraph/19,,,schedule:3:paragraph:19:subparagraph:3:item:a
ssafo-nitrates,https://www.gov.uk/guidance/grassland-derogations-for-livestock-manure-in-nitrate-vulnerable-zones,Grassland derogations for livestock manure in nitrate vulnerable zones,5fa75896-7631-11e4-a3cb-005056011aef,susan-41dbc58cc6ea1113-61,"The fertilisation account must show the area covered by other crops (for example, vegetables, lucerne, flowers), but the specific crop does not need to be named.",section:submit-your-fertilisation-account,"You need to show the area covered by other crops (for example, vegetables, lucerne, flowers), but the specific crop does not need to be named.",,,,,,,COMPLETE,NO_CANDIDATES_FOUND,0,0,0,,,,,,,,,
ssafo-nitrates,https://www.gov.uk/guidance/grassland-derogations-for-livestock-manure-in-nitrate-vulnerable-zones,Grassland derogations for livestock manure in nitrate vulnerable zones,5fa75896-7631-11e4-a3cb-005056011aef,susan-41dbc58cc6ea1113-62,The fertilisation plan must show the number and category of livestock kept on the farm and the amount of nitrogen and phosphate in the manure they produce.,,"Your fertilisation plan must also show the:
number and category of livestock kept on your farm, and the amount of nitrogen and phosphate in the manure they produce (according to the categories in the standard values tables ( 128 KB ) )",,,,,,,COMPLETE,ONLY_UNGROUNDED_CANDIDATES,15,0,15,,,,,,,,,
ssafo-nitrates,https://www.gov.uk/guidance/grassland-derogations-for-livestock-manure-in-nitrate-vulnerable-zones,Grassland derogations for livestock manure in nitrate vulnerable zones,5fa75896-7631-11e4-a3cb-005056011aef,susan-41dbc58cc6ea1113-63,"The fertilisation plan must show the amount and type of livestock manure brought on or sent off the farm, together with the total amount of nitrogen and phosphate in that manure.",section:submit-your-fertilisation-account,"amount and type of livestock manure brought on or sent off your farm, together with the total amount of nitrogen and phosphate in that manure",,,,,,,COMPLETE,NO_CANDIDATES_FOUND,0,0,0,,,,,,,,,
ssafo-nitrates,https://www.gov.uk/guidance/grassland-derogations-for-livestock-manure-in-nitrate-vulnerable-zones,Grassland derogations for livestock manure in nitrate vulnerable zones,5fa75896-7631-11e4-a3cb-005056011aef,susan-41dbc58cc6ea1113-64,"The fertilisation plan must show the weight in tonnes and nitrogen content of all manufactured nitrogen fertiliser stocks kept on, brought in, or sent off the farm during the calendar year.",section:submit-your-fertilisation-account,"weight in tonnes and nitrogen content of all manufactured nitrogen fertiliser stocks kept on, brought in or sent off your farm during the calendar year",,,,,,,COMPLETE,ONLY_UNGROUNDED_CANDIDATES,10,0,10,,,,,,,,,
ssafo-nitrates,https://www.gov.uk/guidance/grassland-derogations-for-livestock-manure-in-nitrate-vulnerable-zones,Grassland derogations for livestock manure in nitrate vulnerable zones,5fa75896-7631-11e4-a3cb-005056011aef,susan-41dbc58cc6ea1113-65,The Environment Agency may inspect a derogation holder's farm to make sure they are meeting the conditions of their derogation.,,The EA may inspect your farm to make sure you're meeting conditions of your derogation.,,,,,,,COMPLETE,ONLY_UNGROUNDED_CANDIDATES,15,0,15,,,,,,,,,
ssafo-nitrates,https://www.gov.uk/guidance/grassland-derogations-for-livestock-manure-in-nitrate-vulnerable-zones,Grassland derogations for livestock manure in nitrate vulnerable zones,5fa75896-7631-11e4-a3cb-005056011aef,susan-41dbc58cc6ea1113-7,A farmer whose derogation application is successful must comply with the conditions of the derogation and the NVZ rules.,section:eligibility-for-a-grassland-derogation,You must comply with the conditions of a derogation and the NVZ rules if your application is successful.,m-cb4bdd10,GROUNDED,high,0.692,,"This Schedule 3 heading (read with Regulation 36(4)) is the direct legal basis for the rule that a derogation is subject to conditions, accurately reflected by the guidance's statement that a successful applicant must comply with the derogation conditions and NVZ rules.",COMPLETE,HAS_REPORTABLE_COMPARISON,5,3,2,bcand:0668981f10fe0172,"A derogation from the nitrate action programme requirements is subject to the conditions set out in Schedule 3, as provided under Regulation 36(4).",lex-120b4f9c395b3f94,The Nitrate Pollution Prevention Regulations 2015,https://www.legislation.gov.uk/uksi/2015/668/contents/made,https://www.legislation.gov.uk/uksi/2015/668/schedule/3%20%E2%80%94%20heading%20%27the%20derogation%20conditions%20regulation%2036%284%29%27,,,schedule:3 — heading 'The derogation conditions Regulation 36(4)'
ssafo-nitrates,https://www.gov.uk/guidance/grassland-derogations-for-livestock-manure-in-nitrate-vulnerable-zones,Grassland derogations for livestock manure in nitrate vulnerable zones,5fa75896-7631-11e4-a3cb-005056011aef,susan-41dbc58cc6ea1113-7,A farmer whose derogation application is successful must comply with the conditions of the derogation and the NVZ rules.,section:eligibility-for-a-grassland-derogation,You must comply with the conditions of a derogation and the NVZ rules if your application is successful.,m-743b26da,GUIDANCE_INCOMPLETE,medium,0.7191,,"This clause sets out one specific derogation condition (maintaining ≥80% grass cover). The guidance says farmers must comply with all derogation conditions but does not spell out this specific requirement, so the guidance is incomplete relative to this particular mandatory condition.",COMPLETE,HAS_REPORTABLE_COMPARISON,5,3,2,bcand:28d85db388e168d8,The occupier must maintain the holding to ensure that at least 80% of the agricultural area is sown with grass during the calendar year to which the derogation applies.,lex-120b4f9c395b3f94,The Nitrate Pollution Prevention Regulations 2015,https://www.legislation.gov.uk/uksi/2015/668/contents/made,https://www.legislation.gov.uk/uksi/2015/668/schedule/3/paragraph/8,,,schedule:3:paragraph:8
ssafo-nitrates,https://www.gov.uk/guidance/grassland-derogations-for-livestock-manure-in-nitrate-vulnerable-zones,Grassland derogations for livestock manure in nitrate vulnerable zones,5fa75896-7631-11e4-a3cb-005056011aef,susan-41dbc58cc6ea1113-7,A farmer whose derogation application is successful must comply with the conditions of the derogation and the NVZ rules.,section:eligibility-for-a-grassland-derogation,You must comply with the conditions of a derogation and the NVZ rules if your application is successful.,m-6d76874d,GUIDANCE_INCOMPLETE,medium,0.6885,,This clause specifies that a derogation ceases to have effect unless the occupier sends a written declaration to the Agency that Schedule 3 conditions will be met — a specific procedural compliance step. The guidance refers only to complying with conditions generally and omits this written-declaration requirement.,COMPLETE,HAS_REPORTABLE_COMPARISON,5,3,2,bcand:e6b40a3919b91922,A derogation granted under regulation 36 ceases to have effect unless the occupier to whom the derogation is granted has sent to the Agency a written declaration that the conditions set out in Schedule 3 (the derogation conditions) will be met in relation to the holding.,lex-120b4f9c395b3f94,The Nitrate Pollution Prevention Regulations 2015,https://www.legislation.gov.uk/uksi/2015/668/contents/made,https://www.legislation.gov.uk/uksi/2015/668/regulation/36/4,,,regulation:36:paragraph:4
ssafo-nitrates,https://www.gov.uk/guidance/grassland-derogations-for-livestock-manure-in-nitrate-vulnerable-zones,Grassland derogations for livestock manure in nitrate vulnerable zones,5fa75896-7631-11e4-a3cb-005056011aef,susan-41dbc58cc6ea1113-8,A farmer may only apply for a grassland derogation if at least 80% of the agricultural area of their holding is grass.,section:eligibility-for-a-grassland-derogation,You can only apply for a derogation if at least 80% of the agricultural area of your holding is grass.,m-a36c132d,GROUNDED,high,0.8035,,"Regulation 36(1) states that an occupier may apply for a derogation where 80% or more of the agricultural area is sown with grass, which precisely matches the guidance's statement about the 80% grass eligibility condition for applying.",COMPLETE,HAS_REPORTABLE_COMPARISON,2,1,1,bcand:f27d068bf8f73e85,The occupier of a holding may apply to the Agency for a derogation where 80% or more of the agricultural area of the holding is sown with grass.,lex-120b4f9c395b3f94,The Nitrate Pollution Prevention Regulations 2015,https://www.legislation.gov.uk/uksi/2015/668/contents/made,https://www.legislation.gov.uk/uksi/2015/668/regulation/36/1,,,regulation:36:paragraph:1
ssafo-nitrates,https://www.gov.uk/guidance/grassland-derogations-for-livestock-manure-in-nitrate-vulnerable-zones,Grassland derogations for livestock manure in nitrate vulnerable zones,5fa75896-7631-11e4-a3cb-005056011aef,susan-41dbc58cc6ea1113-9,"The agricultural area is the part of a holding used for agricultural purposes and does not include surface waters, areas of hardstanding, buildings or woodland (unless woodland is used for grazing), or any land covered by a greenhouse.",,"The agricultural area is the part of your holding you use for agricultural purposes. It does not include, for example:
surface waters
areas of hardstanding
buildings or woodland (unless the woodland is used for grazing)
any land covered by a greenhouse",m-27e1bdd4,GROUNDED,medium,0.7074,,"The law proposition provided is blank/empty, meaning there is no actual legal text to conflict with or be incomplete against; the verdict cannot stand without a law proposition to compare the guidance against.",COMPLETE,HAS_REPORTABLE_COMPARISON,4,1,3,bcand:2129d3e3b97ea7c2,The reference to 'agricultural area' in paragraph (1) does not include any land covered by a greenhouse.,lex-120b4f9c395b3f94,The Nitrate Pollution Prevention Regulations 2015,https://www.legislation.gov.uk/uksi/2015/668/contents/made,https://www.legislation.gov.uk/uksi/2015/668/regulation/36/3,,,regulation:36:paragraph:3
ssafo-nitrates,https://www.gov.uk/guidance/storing-silage-slurry-and-agricultural-fuel-oil,"Storing silage, slurry and agricultural fuel oil",3c951850-eaec-44ee-bb0c-52e4e53a66fb,susan-ef92f343b178a474-1,"A farmer must follow the rules for storing silage, slurry or agricultural fuel oil.",section:intro,"You must follow these rules if you store silage, slurry or agricultural fuel oil.",m-449ab7c0,GROUNDED,medium,0.7052,,"The surrounding guidance extensively covers the specific procedural notification requirement (14 days' notice before construction) and the broader storage rules, meaning the guidance as a whole is not incomplete with respect to the law proposition's notice obligation.",COMPLETE,HAS_REPORTABLE_COMPARISON,11,1,10,bcand:1f6499c81586c44d,"A person who proposes to have custody or control of silage, slurry or fuel oil to be kept in a new or improved store must give the Agency notice specifying the type of silo or storage system and its location at least 14 days before work constructing the new or improved store is to be begun.",lex-e71fbbe3342ac0be,"The Water Resources (Control of Pollution) (Silage, Slurry and Agricultural Fuel Oil) (England) Regulations 2010",https://www.legislation.gov.uk/uksi/2010/639/contents/made,https://www.legislation.gov.uk/uksi/2010/639/regulation/9/2,,,regulation:9:paragraph:2
ssafo-nitrates,https://www.gov.uk/guidance/storing-silage-slurry-and-agricultural-fuel-oil,"Storing silage, slurry and agricultural fuel oil",3c951850-eaec-44ee-bb0c-52e4e53a66fb,susan-ef92f343b178a474-10,The Environment Agency may at any time serve a notice requiring a farmer to bring storage up to current standards if it believes there is a significant risk of pollution.,,The Environment Agency can also serve a notice at any time requiring you to bring storage up to the current standards if it believes there's a significant risk of pollution.,m-43a2e174,GROUNDED,medium,0.6646,,"Regulation 7(2) describes the standard the Agency must apply when specifying required works — reducing to a minimum any significant risk of pollution — which supports the guidance's framing that notices are issued where there is a significant risk of pollution. However, it is a supplementary provision to reg 7(1) rather than the primary anchor.",COMPLETE,HAS_REPORTABLE_COMPARISON,5,2,3,bcand:783f2bc4a00e0ed1,"The works, precautions or other steps required by a notice must be, in the opinion of the Agency, appropriate for reducing to a minimum any significant risk of pollution of controlled waters, having regard to the requirements of the Regulations.",lex-e71fbbe3342ac0be,"The Water Resources (Control of Pollution) (Silage, Slurry and Agricultural Fuel Oil) (England) Regulations 2010",https://www.legislation.gov.uk/uksi/2010/639/contents/made,https://www.legislation.gov.uk/uksi/2010/639/regulation/7/2,,,regulation:7:paragraph:2
ssafo-nitrates,https://www.gov.uk/guidance/storing-silage-slurry-and-agricultural-fuel-oil,"Storing silage, slurry and agricultural fuel oil",3c951850-eaec-44ee-bb0c-52e4e53a66fb,susan-ef92f343b178a474-10,The Environment Agency may at any time serve a notice requiring a farmer to bring storage up to current standards if it believes there is a significant risk of pollution.,,The Environment Agency can also serve a notice at any time requiring you to bring storage up to the current standards if it believes there's a significant risk of pollution.,m-5fd1b76a,GROUNDED,high,0.6552,,"Regulation 7(1) is the direct legal basis for the Agency's power to serve a notice requiring works or precautions on persons with custody or control of silage, slurry or fuel oil, accurately reflected by the guidance's statement about the Agency serving notices to bring storage up to standard where there is pollution risk.",COMPLETE,HAS_REPORTABLE_COMPARISON,5,2,3,bcand:23630cf4a53b5fc8,"The Agency may serve a notice on a person who has custody or control of silage, slurry or fuel oil, or is responsible for the silo, slurry storage system or fuel oil storage tank, in circumstances in which these Regulations apply, requiring that person to carry out works, or take precautions or other steps, specified in the notice.",lex-e71fbbe3342ac0be,"The Water Resources (Control of Pollution) (Silage, Slurry and Agricultural Fuel Oil) (England) Regulations 2010",https://www.legislation.gov.uk/uksi/2010/639/contents/made,https://www.legislation.gov.uk/uksi/2010/639/regulation/7/1,,,regulation:7:paragraph:1
ssafo-nitrates,https://www.gov.uk/guidance/storing-silage-slurry-and-agricultural-fuel-oil,"Storing silage, slurry and agricultural fuel oil",3c951850-eaec-44ee-bb0c-52e4e53a66fb,susan-ef92f343b178a474-11,"A farmer must notify the Environment Agency at least 14 days before beginning construction of a new or substantially changed store for silage, slurry or agricultural fuel oil.",section:general-rules,"notify the Environment Agency at least 14 days before you begin construction – you can also contact them for advice on planning and building a store | You must notify the Environment Agency at least 14 days before you:
build new storage for silage, slurry or agricultural fuel oil, or make substantial changes to an existing store
store field silage on a new site",,,,,,,COMPLETE,NO_CANDIDATES_FOUND,0,0,0,,,,,,,,,
ssafo-nitrates,https://www.gov.uk/guidance/storing-silage-slurry-and-agricultural-fuel-oil,"Storing silage, slurry and agricultural fuel oil",3c951850-eaec-44ee-bb0c-52e4e53a66fb,susan-ef92f343b178a474-12,A farmer must not pollute the surrounding environment — for example rivers or other watercourses — when constructing storage.,section:general-rules,make sure you do not pollute the surrounding environment – for example rivers or other watercourses,m-0698f8a5,GUIDANCE_BROADER,medium,0.6681,,"This regulation sets a specific 50-metre minimum siting distance from watercourses as a floor. The guidance's general statement not to pollute rivers or watercourses when constructing storage is broader than (but consistent with) this specific rule, raising the obligation to a general no-pollution standard rather than a precise distance.",COMPLETE,HAS_REPORTABLE_COMPARISON,7,4,3,bcand:297badcb25473d76,Storage for organic manure must be sited at least 50 metres from a watercourse or conduit leading to a watercourse.,lex-120b4f9c395b3f94,The Nitrate Pollution Prevention Regulations 2015,https://www.legislation.gov.uk/uksi/2015/668/contents/made,https://www.legislation.gov.uk/uksi/2015/668/regulation/25/8,,,regulation:25:paragraph:8:subparagraph:c
ssafo-nitrates,https://www.gov.uk/guidance/storing-silage-slurry-and-agricultural-fuel-oil,"Storing silage, slurry and agricultural fuel oil",3c951850-eaec-44ee-bb0c-52e4e53a66fb,susan-ef92f343b178a474-12,A farmer must not pollute the surrounding environment — for example rivers or other watercourses — when constructing storage.,section:general-rules,make sure you do not pollute the surrounding environment – for example rivers or other watercourses,m-935df1e9,GUIDANCE_INCOMPLETE,medium,0.6753,,"This regulation prohibits storage on slopes ≥12 degrees within 30 metres of surface water — a specific anti-pollution rule for storage siting. The guidance mentions not polluting watercourses but omits this specific slope/proximity condition, so the guidance is incomplete relative to this provision.",COMPLETE,HAS_REPORTABLE_COMPARISON,7,4,3,bcand:6b2c180707a5d1b9,Organic manure storage is prohibited on land having a slope of 12 degrees or more which is within 30 metres of surface water.,lex-120b4f9c395b3f94,The Nitrate Pollution Prevention Regulations 2015,https://www.legislation.gov.uk/uksi/2015/668/contents/made,https://www.legislation.gov.uk/uksi/2015/668/regulation/23/3,,,regulation:23:paragraph:3:subparagraph:e
ssafo-nitrates,https://www.gov.uk/guidance/storing-silage-slurry-and-agricultural-fuel-oil,"Storing silage, slurry and agricultural fuel oil",3c951850-eaec-44ee-bb0c-52e4e53a66fb,susan-ef92f343b178a474-12,A farmer must not pollute the surrounding environment — for example rivers or other watercourses — when constructing storage.,section:general-rules,make sure you do not pollute the surrounding environment – for example rivers or other watercourses,m-3dcf2928,GUIDANCE_INCOMPLETE,medium,0.659,,"This provision prohibits storage on land liable to flooding or becoming waterlogged — a specific anti-pollution/contamination rule directly relevant to protecting watercourses. The guidance's general no-pollution statement does not capture this specific condition, making it incomplete relative to this provision.",COMPLETE,HAS_REPORTABLE_COMPARISON,7,4,3,bcand:a8595c5f41768721,Organic manure must not be stored in a field liable to flooding or becoming waterlogged.,lex-120b4f9c395b3f94,The Nitrate Pollution Prevention Regulations 2015,https://www.legislation.gov.uk/uksi/2015/668/contents/made,https://www.legislation.gov.uk/uksi/2015/668/regulation/23/3,,,regulation:23:paragraph:3:subparagraph:a
ssafo-nitrates,https://www.gov.uk/guidance/storing-silage-slurry-and-agricultural-fuel-oil,"Storing silage, slurry and agricultural fuel oil",3c951850-eaec-44ee-bb0c-52e4e53a66fb,susan-ef92f343b178a474-12,A farmer must not pollute the surrounding environment — for example rivers or other watercourses — when constructing storage.,section:general-rules,make sure you do not pollute the surrounding environment – for example rivers or other watercourses,m-7ae606c2,GUIDANCE_INCOMPLETE,medium,0.659,,This provision requires that a storage facility must not have land drains other than a sealed impermeable pipe — a specific construction requirement to prevent pollution. The guidance mentions not polluting when constructing storage but omits this specific drainage requirement.,COMPLETE,HAS_REPORTABLE_COMPARISON,7,4,3,bcand:8485037a34c41a96,"A storage facility for organic manure must not have land drains, other than a sealed impermeable pipe.",lex-120b4f9c395b3f94,The Nitrate Pollution Prevention Regulations 2015,https://www.legislation.gov.uk/uksi/2015/668/contents/made,https://www.legislation.gov.uk/uksi/2015/668/regulation/25/8,,,regulation:25:paragraph:8:subparagraph:b
ssafo-nitrates,https://www.gov.uk/guidance/storing-silage-slurry-and-agricultural-fuel-oil,"Storing silage, slurry and agricultural fuel oil",3c951850-eaec-44ee-bb0c-52e4e53a66fb,susan-ef92f343b178a474-13,"Once storage is built, a farmer must carry out maintenance to make sure there is no risk of pollution.",,Once your storage is built you must carry out maintenance to make sure there's no risk of pollution.,,,,,,,COMPLETE,NO_CANDIDATES_FOUND,0,0,0,,,,,,,,,
ssafo-nitrates,https://www.gov.uk/guidance/storing-silage-slurry-and-agricultural-fuel-oil,"Storing silage, slurry and agricultural fuel oil",3c951850-eaec-44ee-bb0c-52e4e53a66fb,susan-ef92f343b178a474-14,A farmer must notify the Environment Agency at least 14 days before storing field silage on a new site.,,"You must notify the Environment Agency at least 14 days before you:
build new storage for silage, slurry or agricultural fuel oil, or make substantial changes to an existing store
store field silage on a new site",m-bc81dac4,GROUNDED,high,0.7608,,"This provision places a duty on the person with custody or control of field silage to ensure the Agency receives at least 14 days' notice before first use of a new site — matching the guidance precisely in both the duty-holder (farmer/person in control), the trigger (new site/first use), and the notice period (14 days).",COMPLETE,HAS_REPORTABLE_COMPARISON,2,1,1,bcand:297c76a9383be4bc,A person who has custody or control of field silage or silage stored on open land must ensure that the Agency is given notice of the place where the silage is to be made or stored at least 14 days before the place is first used for that purpose.,lex-e71fbbe3342ac0be,"The Water Resources (Control of Pollution) (Silage, Slurry and Agricultural Fuel Oil) (England) Regulations 2010",https://www.legislation.gov.uk/uksi/2010/639/contents/made,https://www.legislation.gov.uk/uksi/2010/639/regulation/3/1,,,regulation:3:paragraph:1:subparagraph:c:item:i
ssafo-nitrates,https://www.gov.uk/guidance/storing-silage-slurry-and-agricultural-fuel-oil,"Storing silage, slurry and agricultural fuel oil",3c951850-eaec-44ee-bb0c-52e4e53a66fb,susan-ef92f343b178a474-15,The rules for storing silage do not apply to silage stored temporarily in a container or trailer for transportation.,section:rules-for-making-and-storing-silage,The rules do not apply to silage you store temporarily in a container or trailer for transportation.,,,,,,,COMPLETE,ONLY_UNGROUNDED_CANDIDATES,1,0,1,,,,,,,,,
ssafo-nitrates,https://www.gov.uk/guidance/storing-silage-slurry-and-agricultural-fuel-oil,"Storing silage, slurry and agricultural fuel oil",3c951850-eaec-44ee-bb0c-52e4e53a66fb,susan-ef92f343b178a474-16,"A farmer must not make or store any silage, or unwrap baled silage, within 10 metres of inland or coastal waters.",section:rules-for-making-and-storing-silage,"You must not make or store any silage, or unwrap baled silage within 10 metres of inland or coastal waters.",m-079e450b,GROUNDED,high,0.7513,,"This provision directly prohibits opening or removing the wrapping of a silage bale within 10 metres of inland freshwaters or coastal waters, which precisely matches the guidance's unwrapping element. The guidance accurately reflects this part of the law.",COMPLETE,HAS_REPORTABLE_COMPARISON,5,4,1,bcand:19f24cc250e33a66,A person who has custody or control of a silage bale must not open or remove the wrapping of the bale within 10 metres of any inland freshwaters or coastal waters which silage effluent could enter as a result.,lex-e71fbbe3342ac0be,"The Water Resources (Control of Pollution) (Silage, Slurry and Agricultural Fuel Oil) (England) Regulations 2010",https://www.legislation.gov.uk/uksi/2010/639/contents/made,https://www.legislation.gov.uk/uksi/2010/639/regulation/3/4,,,regulation:3:paragraph:4
ssafo-nitrates,https://www.gov.uk/guidance/storing-silage-slurry-and-agricultural-fuel-oil,"Storing silage, slurry and agricultural fuel oil",3c951850-eaec-44ee-bb0c-52e4e53a66fb,susan-ef92f343b178a474-16,"A farmer must not make or store any silage, or unwrap baled silage, within 10 metres of inland or coastal waters.",section:rules-for-making-and-storing-silage,"You must not make or store any silage, or unwrap baled silage within 10 metres of inland or coastal waters.",m-27321bb8,GROUNDED,high,0.7419,,"This provision requires silage bales to be stored at least 10 metres from inland freshwaters or coastal waters that effluent could enter, directly matching the guidance's storage element for baled silage. The guidance accurately reflects this requirement.",COMPLETE,HAS_REPORTABLE_COMPARISON,5,4,1,bcand:548bf1dcf895bf65,Silage bales must be stored at least 10 metres from any inland freshwaters or coastal waters that effluent escaping from the bales could enter.,lex-e71fbbe3342ac0be,"The Water Resources (Control of Pollution) (Silage, Slurry and Agricultural Fuel Oil) (England) Regulations 2010",https://www.legislation.gov.uk/uksi/2010/639/contents/made,https://www.legislation.gov.uk/uksi/2010/639/regulation/3/1,,,regulation:3:paragraph:1:subparagraph:b:item:ii
ssafo-nitrates,https://www.gov.uk/guidance/storing-silage-slurry-and-agricultural-fuel-oil,"Storing silage, slurry and agricultural fuel oil",3c951850-eaec-44ee-bb0c-52e4e53a66fb,susan-ef92f343b178a474-16,"A farmer must not make or store any silage, or unwrap baled silage, within 10 metres of inland or coastal waters.",section:rules-for-making-and-storing-silage,"You must not make or store any silage, or unwrap baled silage within 10 metres of inland or coastal waters.",m-d009bf8c,GUIDANCE_INCOMPLETE,high,0.774,,"This provision requires field silage/open-land silage to be at least 10 metres from inland/coastal waters AND at least 50 metres from protected water supply abstraction points. The guidance only states the 10-metre rule and omits the 50-metre requirement for protected water supply sources, meaning the guidance falls short of the full legal requirement.",COMPLETE,HAS_REPORTABLE_COMPARISON,5,4,1,bcand:3ac3047dcfb92297,"Where silage is a crop being made into field silage or silage being stored on open land, the place must be at least 10 metres from any inland freshwaters or coastal waters, and at least 50 metres from the nearest relevant abstraction point of any protected water supply source that silage effluent could enter if it escaped.",lex-e71fbbe3342ac0be,"The Water Resources (Control of Pollution) (Silage, Slurry and Agricultural Fuel Oil) (England) Regulations 2010",https://www.legislation.gov.uk/uksi/2010/639/contents/made,https://www.legislation.gov.uk/uksi/2010/639/regulation/3/1,,,regulation:3:paragraph:1:subparagraph:c:item:ii
ssafo-nitrates,https://www.gov.uk/guidance/storing-silage-slurry-and-agricultural-fuel-oil,"Storing silage, slurry and agricultural fuel oil",3c951850-eaec-44ee-bb0c-52e4e53a66fb,susan-ef92f343b178a474-16,"A farmer must not make or store any silage, or unwrap baled silage, within 10 metres of inland or coastal waters.",section:rules-for-making-and-storing-silage,"You must not make or store any silage, or unwrap baled silage within 10 metres of inland or coastal waters.",m-e72802f1,GUIDANCE_INCOMPLETE,high,0.7602,,"Like bcand:3ac3047dcfb92297, this provision requires both the 10-metre rule from inland/coastal waters and the 50-metre rule from protected water supply abstraction points. The guidance only captures the 10-metre element and omits the 50-metre requirement, leaving the guidance incomplete relative to the full legal obligation.",COMPLETE,HAS_REPORTABLE_COMPARISON,5,4,1,bcand:e7815975e831a82a,"A person who has custody or control of field silage or silage stored on open land must ensure that the place is at least 10 metres from any inland freshwaters or coastal waters, and at least 50 metres from the nearest relevant abstraction point of any protected water supply source that silage effluent could enter if it escaped.",lex-e71fbbe3342ac0be,"The Water Resources (Control of Pollution) (Silage, Slurry and Agricultural Fuel Oil) (England) Regulations 2010",https://www.legislation.gov.uk/uksi/2010/639/contents/made,https://www.legislation.gov.uk/uksi/2010/639/regulation/3/1,,,regulation:3:paragraph:1:subparagraph:c:item:ii
ssafo-nitrates,https://www.gov.uk/guidance/storing-silage-slurry-and-agricultural-fuel-oil,"Storing silage, slurry and agricultural fuel oil",3c951850-eaec-44ee-bb0c-52e4e53a66fb,susan-ef92f343b178a474-17,A farmer must not store field silage within 50 metres of a protected water supply source.,section:rules-for-making-and-storing-silage,"In addition, you must not store field silage within 50 metres of a protected water supply source.",m-0b9808cf,GROUNDED,high,0.7678,,"The neighbouring proposition 'A farmer must not make or store any silage, or unwrap baled silage, within 10 metres of inland or coastal waters' directly covers the missing 10-metre requirement for inland/coastal waters identified in the verdict, resolving the specific incompleteness concern.",COMPLETE,HAS_REPORTABLE_COMPARISON,3,1,2,bcand:e7815975e831a82a,"A person who has custody or control of field silage or silage stored on open land must ensure that the place is at least 10 metres from any inland freshwaters or coastal waters, and at least 50 metres from the nearest relevant abstraction point of any protected water supply source that silage effluent could enter if it escaped.",lex-e71fbbe3342ac0be,"The Water Resources (Control of Pollution) (Silage, Slurry and Agricultural Fuel Oil) (England) Regulations 2010",https://www.legislation.gov.uk/uksi/2010/639/contents/made,https://www.legislation.gov.uk/uksi/2010/639/regulation/3/1,,,regulation:3:paragraph:1:subparagraph:c:item:ii
ssafo-nitrates,https://www.gov.uk/guidance/storing-silage-slurry-and-agricultural-fuel-oil,"Storing silage, slurry and agricultural fuel oil",3c951850-eaec-44ee-bb0c-52e4e53a66fb,susan-ef92f343b178a474-18,"A protected water supply source is any place where water is abstracted for human consumption, use in farm dairies, or human food preparation.",,"In addition, you must not store field silage within 50 metres of a protected water supply source. This is any place where water is abstracted (taken) for any of the following purposes:
human consumption
use in farm dairies
human food preparation",,,,,,,COMPLETE,ONLY_UNGROUNDED_CANDIDATES,4,0,4,,,,,,,,,
ssafo-nitrates,https://www.gov.uk/guidance/storing-silage-slurry-and-agricultural-fuel-oil,"Storing silage, slurry and agricultural fuel oil",3c951850-eaec-44ee-bb0c-52e4e53a66fb,susan-ef92f343b178a474-19,All parts of a silo must be resistant to attack.,section:rules-for-making-and-storing-silage,All parts of a silo must be resistant to attack.,m-5933dc0c,GUIDANCE_BROADER,high,0.736,,"The law applies only 'so far as reasonably practicable' and specifies particular components (base, walls, effluent tank, channels, pipe walls), whereas the guidance states that 'all parts' must be resistant without qualification — this exceeds both the scope and the qualified standard set by the law.",COMPLETE,HAS_REPORTABLE_COMPARISON,1,1,0,bcand:2181b26c3878844f,"The base and walls of a silo, its effluent tank and channels, and the walls of any pipes must, so far as reasonably practicable, be resistant to attack by silage effluent.",lex-e71fbbe3342ac0be,"The Water Resources (Control of Pollution) (Silage, Slurry and Agricultural Fuel Oil) (England) Regulations 2010",https://www.legislation.gov.uk/uksi/2010/639/contents/made,https://www.legislation.gov.uk/uksi/2010/639/schedule/1/paragraph/5,,,schedule:1:paragraph:5
ssafo-nitrates,https://www.gov.uk/guidance/storing-silage-slurry-and-agricultural-fuel-oil,"Storing silage, slurry and agricultural fuel oil",3c951850-eaec-44ee-bb0c-52e4e53a66fb,susan-ef92f343b178a474-2,"A land manager must follow the rules for storing silage, slurry or agricultural fuel oil.",,"You must make sure you meet the rules if you're a:
farmer
land manager
tenant farmer – unless you can prove someone else, for example the leaseholder, is jointly or wholly responsible",,,,,,,COMPLETE,ONLY_UNGROUNDED_CANDIDATES,2,0,2,,,,,,,,,
ssafo-nitrates,https://www.gov.uk/guidance/storing-silage-slurry-and-agricultural-fuel-oil,"Storing silage, slurry and agricultural fuel oil",3c951850-eaec-44ee-bb0c-52e4e53a66fb,susan-ef92f343b178a474-20,A silo must have an impermeable base extending beyond any walls.,,"Your silo must have:
an impermeable base extending beyond any walls
impermeable drainage collection channels around the outside, flowing into an effluent tank",m-e11cb235,GUIDANCE_BROADER,high,0.7462,,"This clause requires the base to extend beyond any walls, which the guidance reflects accurately. However, the guidance adds the impermeability requirement not present in this clause, making the guidance broader than this provision alone.",COMPLETE,HAS_REPORTABLE_COMPARISON,6,2,4,bcand:a98594415647ccc5,The base of a silo must extend beyond any walls of the silo.,lex-e71fbbe3342ac0be,"The Water Resources (Control of Pollution) (Silage, Slurry and Agricultural Fuel Oil) (England) Regulations 2010",https://www.legislation.gov.uk/uksi/2010/639/contents/made,https://www.legislation.gov.uk/uksi/2010/639/schedule/1/paragraph/2,,,schedule:1:paragraph:2:subparagraph:a
ssafo-nitrates,https://www.gov.uk/guidance/storing-silage-slurry-and-agricultural-fuel-oil,"Storing silage, slurry and agricultural fuel oil",3c951850-eaec-44ee-bb0c-52e4e53a66fb,susan-ef92f343b178a474-20,A silo must have an impermeable base extending beyond any walls.,,"Your silo must have:
an impermeable base extending beyond any walls
impermeable drainage collection channels around the outside, flowing into an effluent tank",m-60aa2a82,GUIDANCE_INCOMPLETE,high,0.7339,,"This clause requires impermeability of the silo base (among other components), which the guidance captures for the base, but the guidance omits the impermeability requirements for the effluent tank, channels, and pipe walls also mandated by this provision.",COMPLETE,HAS_REPORTABLE_COMPARISON,6,2,4,bcand:1ac481b4a55e5229,"The base of the silo, the base and walls of its effluent tank and channels, and the walls of any pipes must be impermeable.",lex-e71fbbe3342ac0be,"The Water Resources (Control of Pollution) (Silage, Slurry and Agricultural Fuel Oil) (England) Regulations 2010",https://www.legislation.gov.uk/uksi/2010/639/contents/made,https://www.legislation.gov.uk/uksi/2010/639/schedule/1/paragraph/4,,,schedule:1:paragraph:4:subparagraph:2
ssafo-nitrates,https://www.gov.uk/guidance/storing-silage-slurry-and-agricultural-fuel-oil,"Storing silage, slurry and agricultural fuel oil",3c951850-eaec-44ee-bb0c-52e4e53a66fb,susan-ef92f343b178a474-21,"A silo must have impermeable drainage collection channels around the outside, flowing into an effluent tank.",,"Your silo must have:
an impermeable base extending beyond any walls
impermeable drainage collection channels around the outside, flowing into an effluent tank",m-365694c9,GROUNDED,high,0.7609,,"This provision requires drainage from perimeter channels to an effluent tank via a channel or pipe, which matches the guidance's statement that drainage channels must flow into an effluent tank. The guidance accurately reflects this legal requirement.",COMPLETE,HAS_REPORTABLE_COMPARISON,3,3,0,bcand:f06816e1fdb476ed,The base of a silo must have adequate provision for the drainage of silage effluent from the perimeter channels to an effluent tank through a channel or pipe.,lex-e71fbbe3342ac0be,"The Water Resources (Control of Pollution) (Silage, Slurry and Agricultural Fuel Oil) (England) Regulations 2010",https://www.legislation.gov.uk/uksi/2010/639/contents/made,https://www.legislation.gov.uk/uksi/2010/639/schedule/1/paragraph/2,,,schedule:1:paragraph:2:subparagraph:c
ssafo-nitrates,https://www.gov.uk/guidance/storing-silage-slurry-and-agricultural-fuel-oil,"Storing silage, slurry and agricultural fuel oil",3c951850-eaec-44ee-bb0c-52e4e53a66fb,susan-ef92f343b178a474-21,"A silo must have impermeable drainage collection channels around the outside, flowing into an effluent tank.",,"Your silo must have:
an impermeable base extending beyond any walls
impermeable drainage collection channels around the outside, flowing into an effluent tank",m-c5c15e02,GROUNDED,high,0.7245,,"This provision requires the base, channels, effluent tank walls, and pipes to be impermeable, which matches the guidance's requirement that drainage collection channels must be impermeable. The guidance's use of 'impermeable' accurately reflects this statutory standard.",COMPLETE,HAS_REPORTABLE_COMPARISON,3,3,0,bcand:1ac481b4a55e5229,"The base of the silo, the base and walls of its effluent tank and channels, and the walls of any pipes must be impermeable.",lex-e71fbbe3342ac0be,"The Water Resources (Control of Pollution) (Silage, Slurry and Agricultural Fuel Oil) (England) Regulations 2010",https://www.legislation.gov.uk/uksi/2010/639/contents/made,https://www.legislation.gov.uk/uksi/2010/639/schedule/1/paragraph/4,,,schedule:1:paragraph:4:subparagraph:2
ssafo-nitrates,https://www.gov.uk/guidance/storing-silage-slurry-and-agricultural-fuel-oil,"Storing silage, slurry and agricultural fuel oil",3c951850-eaec-44ee-bb0c-52e4e53a66fb,susan-ef92f343b178a474-21,"A silo must have impermeable drainage collection channels around the outside, flowing into an effluent tank.",,"Your silo must have:
an impermeable base extending beyond any walls
impermeable drainage collection channels around the outside, flowing into an effluent tank",m-89c9f93b,GROUNDED,high,0.7239,,"This provision directly requires perimeter channels designed to collect silage effluent escaping from the silo, which is the primary obligation the guidance restates when it refers to drainage collection channels around the outside of the silo.",COMPLETE,HAS_REPORTABLE_COMPARISON,3,3,0,bcand:2cbe6fd2dfb2bab6,The base of a silo must be provided at its perimeter with channels designed and constructed so as to collect any silage effluent that escapes from the silo.,lex-e71fbbe3342ac0be,"The Water Resources (Control of Pollution) (Silage, Slurry and Agricultural Fuel Oil) (England) Regulations 2010",https://www.legislation.gov.uk/uksi/2010/639/contents/made,https://www.legislation.gov.uk/uksi/2010/639/schedule/1/paragraph/2,,,schedule:1:paragraph:2:subparagraph:b
ssafo-nitrates,https://www.gov.uk/guidance/storing-silage-slurry-and-agricultural-fuel-oil,"Storing silage, slurry and agricultural fuel oil",3c951850-eaec-44ee-bb0c-52e4e53a66fb,susan-ef92f343b178a474-22,The base of a silo must comply with British Standard 8007:1987 and British Standard 8110-1:1997 for concrete bases.,,"The base must comply with:
British Standard 8007:1987 and British Standard 8110-1:1997 (for concrete bases)
British Standard 594/EN 13108-4:2006 (for hot-rolled asphalt bases)",m-a69594db,GUIDANCE_BROADER,high,0.8074,,"The law requires the silo base to comply with BS 8007:1987 only; the guidance adds a further requirement for compliance with BS 8110-1:1997, raising a higher bar than the statutory minimum without contradicting it.",COMPLETE,HAS_REPORTABLE_COMPARISON,2,1,1,bcand:2dbae37802b7d461,The base of a silo must be designed in accordance with BS 8007: 1987 (the British Standards Institution code of practice for design of concrete structures for retaining aqueous liquids).,lex-e71fbbe3342ac0be,"The Water Resources (Control of Pollution) (Silage, Slurry and Agricultural Fuel Oil) (England) Regulations 2010",https://www.legislation.gov.uk/uksi/2010/639/contents/made,https://www.legislation.gov.uk/uksi/2010/639/schedule/1/paragraph/4,,,schedule:1:paragraph:4:subparagraph:1:item:a
ssafo-nitrates,https://www.gov.uk/guidance/storing-silage-slurry-and-agricultural-fuel-oil,"Storing silage, slurry and agricultural fuel oil",3c951850-eaec-44ee-bb0c-52e4e53a66fb,susan-ef92f343b178a474-23,The base of a silo must comply with British Standard 594/EN 13108-4:2006 for hot-rolled asphalt bases.,,"The base must comply with:
British Standard 8007:1987 and British Standard 8110-1:1997 (for concrete bases)
British Standard 594/EN 13108-4:2006 (for hot-rolled asphalt bases)",m-87465c9c,CONFLICTS,high,0.8094,,"Both the guidance and this law clause sit within the same regulatory framework and address the same point — the hot-rolled asphalt standard for silo bases — but they specify different standards (BS 594/EN 13108-4:2006 in the guidance vs. BS 5502:Part 21:1990 in the law), which is a direct substantive conflict on the same requirement.",COMPLETE,HAS_REPORTABLE_COMPARISON,2,1,1,bcand:671f943bd922f63c,The base of a silo must be constructed using appropriate hot-rolled asphalt in accordance with BS 5502:Part 21: 1990 (the British Standards Institution code of practice for selection and use of construction materials).,lex-e71fbbe3342ac0be,"The Water Resources (Control of Pollution) (Silage, Slurry and Agricultural Fuel Oil) (England) Regulations 2010",https://www.legislation.gov.uk/uksi/2010/639/contents/made,https://www.legislation.gov.uk/uksi/2010/639/schedule/1/paragraph/4,,,schedule:1:paragraph:4:subparagraph:1:item:b
ssafo-nitrates,https://www.gov.uk/guidance/storing-silage-slurry-and-agricultural-fuel-oil,"Storing silage, slurry and agricultural fuel oil",3c951850-eaec-44ee-bb0c-52e4e53a66fb,susan-ef92f343b178a474-24,"If a silo has walls, they must withstand wall loadings set in British Standard 5502-22:2003+A1:2013.",,"If your silo has walls, they must withstand wall loadings set in British Standard 5502-22:2003+A1:2013.",m-a69710b3,GROUNDED,high,0.7859,,"The guidance states that silo walls must withstand wall loadings set in BS 5502-22:2003+A1:2013, which accurately reflects the law's requirement that retaining walls must withstand minimum wall loadings calculated per paragraph 15.6 of BS 5502: Part 22:2003. The reference to the +A1:2013 amendment is a minor addition that does not contradict the law.",COMPLETE,HAS_REPORTABLE_COMPARISON,3,1,2,bcand:b7b5741310c907fc,"Where a silo has retaining walls, those walls must be capable of withstanding minimum wall loadings calculated on the assumptions and in the manner indicated by paragraph 15.6 of BS 5502: Part 22:2003.",lex-e71fbbe3342ac0be,"The Water Resources (Control of Pollution) (Silage, Slurry and Agricultural Fuel Oil) (England) Regulations 2010",https://www.legislation.gov.uk/uksi/2010/639/contents/made,https://www.legislation.gov.uk/uksi/2010/639/schedule/1/paragraph/7,,,schedule:1:paragraph:7:subparagraph:a
ssafo-nitrates,https://www.gov.uk/guidance/storing-silage-slurry-and-agricultural-fuel-oil,"Storing silage, slurry and agricultural fuel oil",3c951850-eaec-44ee-bb0c-52e4e53a66fb,susan-ef92f343b178a474-25,A silo must have an effluent collection system.,section:rules-for-making-and-storing-silage,Your silo must have an effluent collection system.,m-ee03dfd4,GROUNDED,high,0.7038,,"The neighbouring proposition 'A silo must have impermeable drainage collection channels around the outside, flowing into an effluent tank' specifically covers the perimeter channel requirement that the reason identified as missing, resolving the incompleteness concern.",COMPLETE,HAS_REPORTABLE_COMPARISON,4,2,2,bcand:2cbe6fd2dfb2bab6,The base of a silo must be provided at its perimeter with channels designed and constructed so as to collect any silage effluent that escapes from the silo.,lex-e71fbbe3342ac0be,"The Water Resources (Control of Pollution) (Silage, Slurry and Agricultural Fuel Oil) (England) Regulations 2010",https://www.legislation.gov.uk/uksi/2010/639/contents/made,https://www.legislation.gov.uk/uksi/2010/639/schedule/1/paragraph/2,,,schedule:1:paragraph:2:subparagraph:b
ssafo-nitrates,https://www.gov.uk/guidance/storing-silage-slurry-and-agricultural-fuel-oil,"Storing silage, slurry and agricultural fuel oil",3c951850-eaec-44ee-bb0c-52e4e53a66fb,susan-ef92f343b178a474-25,A silo must have an effluent collection system.,section:rules-for-making-and-storing-silage,Your silo must have an effluent collection system.,m-96ccf243,GUIDANCE_INCOMPLETE,high,0.6946,,"This clause also forms part of the mandatory effluent collection system, requiring drainage from perimeter channels to an effluent tank via channel or pipe; the guidance's generic reference to an 'effluent collection system' does not capture this drainage requirement.",COMPLETE,HAS_REPORTABLE_COMPARISON,4,2,2,bcand:f06816e1fdb476ed,The base of a silo must have adequate provision for the drainage of silage effluent from the perimeter channels to an effluent tank through a channel or pipe.,lex-e71fbbe3342ac0be,"The Water Resources (Control of Pollution) (Silage, Slurry and Agricultural Fuel Oil) (England) Regulations 2010",https://www.legislation.gov.uk/uksi/2010/639/contents/made,https://www.legislation.gov.uk/uksi/2010/639/schedule/1/paragraph/2,,,schedule:1:paragraph:2:subparagraph:c
ssafo-nitrates,https://www.gov.uk/guidance/storing-silage-slurry-and-agricultural-fuel-oil,"Storing silage, slurry and agricultural fuel oil",3c951850-eaec-44ee-bb0c-52e4e53a66fb,susan-ef92f343b178a474-26,"If all parts of an effluent tank are above ground, the tank must be constructed to resist attack from silage effluent for at least 20 years with maintenance.",section:rules-for-making-and-storing-silage,If all parts of an effluent tank are above ground the tank must be constructed to resist attack from silage effluent for at least 20 years with maintenance. If any part is below ground it should be impermeable for at least 20 years without maintenance.,m-9877d3f7,GROUNDED,medium,0.7657,,"This clause requires slurry storage tanks and effluent tanks to last at least 20 years with proper maintenance, which aligns with the guidance's 20-year with-maintenance standard for above-ground effluent tanks. The guidance accurately reflects this requirement, though it adds the specific condition 'all parts above ground' as the scenario context.",COMPLETE,HAS_REPORTABLE_COMPARISON,2,1,1,bcand:17b7cfc3401a7ee1,"The slurry storage tank and any effluent tank, channels, pipes and reception pit must be designed and constructed so that, with proper maintenance, they are likely to continue to satisfy the requirements of paragraphs 2 to 4 for at least 20 years.",lex-e71fbbe3342ac0be,"The Water Resources (Control of Pollution) (Silage, Slurry and Agricultural Fuel Oil) (England) Regulations 2010",https://www.legislation.gov.uk/uksi/2010/639/contents/made,https://www.legislation.gov.uk/uksi/2010/639/schedule/2/paragraph/8,,,schedule:2:paragraph:8
ssafo-nitrates,https://www.gov.uk/guidance/storing-silage-slurry-and-agricultural-fuel-oil,"Storing silage, slurry and agricultural fuel oil",3c951850-eaec-44ee-bb0c-52e4e53a66fb,susan-ef92f343b178a474-27,"If any part of an effluent tank is below ground, it should be impermeable for at least 20 years without maintenance.",section:rules-for-making-and-storing-silage,If all parts of an effluent tank are above ground the tank must be constructed to resist attack from silage effluent for at least 20 years with maintenance. If any part is below ground it should be impermeable for at least 20 years without maintenance.,m-b7d35520,GROUNDED,high,0.8142,,"The neighbouring proposition that underground effluent tank parts must 'last 20 years without maintenance' covers the structural integrity requirement, resolving the specific concern that only impermeability was mentioned.",COMPLETE,HAS_REPORTABLE_COMPARISON,1,1,0,bcand:5cb952f51f42ed5e,"Where any part of an effluent tank is below ground level, the tank must be designed and constructed so that it is likely to continue to satisfy the structural integrity and impermeability requirements of paragraphs 4 and 5 for at least 20 years without maintenance.",lex-e71fbbe3342ac0be,"The Water Resources (Control of Pollution) (Silage, Slurry and Agricultural Fuel Oil) (England) Regulations 2010",https://www.legislation.gov.uk/uksi/2010/639/contents/made,https://www.legislation.gov.uk/uksi/2010/639/schedule/1/paragraph/9,,,schedule:1:paragraph:9
ssafo-nitrates,https://www.gov.uk/guidance/storing-silage-slurry-and-agricultural-fuel-oil,"Storing silage, slurry and agricultural fuel oil",3c951850-eaec-44ee-bb0c-52e4e53a66fb,susan-ef92f343b178a474-28,A farmer must never put silage effluent into an under-floor slurry store.,section:rules-for-making-and-storing-silage,you must never put silage effluent into an under-floor slurry store.,,,,,,,COMPLETE,ONLY_UNGROUNDED_CANDIDATES,4,0,4,,,,,,,,,
ssafo-nitrates,https://www.gov.uk/guidance/storing-silage-slurry-and-agricultural-fuel-oil,"Storing silage, slurry and agricultural fuel oil",3c951850-eaec-44ee-bb0c-52e4e53a66fb,susan-ef92f343b178a474-29,A farmer must seal baled silage in an impermeable membrane or bag.,section:rules-for-making-and-storing-silage,You must seal baled silage in an impermeable membrane or bag. It does not need a specially constructed base but you must make sure any silage stored directly on the ground cannot leak into a water source.,m-5e952888,GROUNDED,high,0.7442,,"This candidate states exactly that silage bales must be wrapped and sealed in impermeable membranes or enclosed in impermeable bags, which matches the guidance precisely. The guidance accurately reflects this provision.",COMPLETE,HAS_REPORTABLE_COMPARISON,2,2,0,bcand:bf5ec8c430177f02,"Silage bales must be wrapped and sealed into impermeable membranes, or enclosed in impermeable bags.",lex-e71fbbe3342ac0be,"The Water Resources (Control of Pollution) (Silage, Slurry and Agricultural Fuel Oil) (England) Regulations 2010",https://www.legislation.gov.uk/uksi/2010/639/contents/made,https://www.legislation.gov.uk/uksi/2010/639/regulation/3/1,,,regulation:3:paragraph:1:subparagraph:b:item:i
ssafo-nitrates,https://www.gov.uk/guidance/storing-silage-slurry-and-agricultural-fuel-oil,"Storing silage, slurry and agricultural fuel oil",3c951850-eaec-44ee-bb0c-52e4e53a66fb,susan-ef92f343b178a474-29,A farmer must seal baled silage in an impermeable membrane or bag.,section:rules-for-making-and-storing-silage,You must seal baled silage in an impermeable membrane or bag. It does not need a specially constructed base but you must make sure any silage stored directly on the ground cannot leak into a water source.,m-2b1db165,GUIDANCE_INCOMPLETE,high,0.7251,,"This fuller provision also requires that bales be stored at least 10 metres from inland freshwaters or coastal waters, which the guidance omits entirely. The guidance covers only the sealing requirement and not the mandatory setback distance.",COMPLETE,HAS_REPORTABLE_COMPARISON,2,2,0,bcand:b62945b66062c10d,"A person who has custody or control of silage being made or stored must ensure that, where silage is compressed into bales, the bales are wrapped and sealed in impermeable membranes or enclosed in impermeable bags, and are stored at least 10 metres from any inland freshwaters or coastal waters that effluent escaping from the bales could enter.",lex-e71fbbe3342ac0be,"The Water Resources (Control of Pollution) (Silage, Slurry and Agricultural Fuel Oil) (England) Regulations 2010",https://www.legislation.gov.uk/uksi/2010/639/contents/made,https://www.legislation.gov.uk/uksi/2010/639/regulation/3/1,,,regulation:3:paragraph:1:subparagraph:b:items:i-ii
ssafo-nitrates,https://www.gov.uk/guidance/storing-silage-slurry-and-agricultural-fuel-oil,"Storing silage, slurry and agricultural fuel oil",3c951850-eaec-44ee-bb0c-52e4e53a66fb,susan-ef92f343b178a474-3,"A tenant farmer must follow the rules for storing silage, slurry or agricultural fuel oil unless they can prove someone else, for example the leaseholder, is jointly or wholly responsible.",,"You must make sure you meet the rules if you're a:
farmer
land manager
tenant farmer – unless you can prove someone else, for example the leaseholder, is jointly or wholly responsible",m-8f3bdc63,GUIDANCE_BROADER,medium,0.6795,,"Regulation 7(1) empowers the Agency to serve notice on whoever has 'custody or control' or is 'responsible for' silage, slurry or fuel oil storage, which provides the nearest legal basis for attributing responsibility. The guidance goes further by specifically describing a tenant's ability to prove a leaseholder is jointly or wholly responsible — a nuance not expressly stated in reg 7(1), making the guidance broader than what this clause alone establishes.",COMPLETE,HAS_REPORTABLE_COMPARISON,15,1,14,bcand:23630cf4a53b5fc8,"The Agency may serve a notice on a person who has custody or control of silage, slurry or fuel oil, or is responsible for the silo, slurry storage system or fuel oil storage tank, in circumstances in which these Regulations apply, requiring that person to carry out works, or take precautions or other steps, specified in the notice.",lex-e71fbbe3342ac0be,"The Water Resources (Control of Pollution) (Silage, Slurry and Agricultural Fuel Oil) (England) Regulations 2010",https://www.legislation.gov.uk/uksi/2010/639/contents/made,https://www.legislation.gov.uk/uksi/2010/639/regulation/7/1,,,regulation:7:paragraph:1
ssafo-nitrates,https://www.gov.uk/guidance/storing-silage-slurry-and-agricultural-fuel-oil,"Storing silage, slurry and agricultural fuel oil",3c951850-eaec-44ee-bb0c-52e4e53a66fb,susan-ef92f343b178a474-30,A farmer must make sure any baled silage stored directly on the ground cannot leak into a water source.,section:rules-for-making-and-storing-silage,You must seal baled silage in an impermeable membrane or bag. It does not need a specially constructed base but you must make sure any silage stored directly on the ground cannot leak into a water source.,m-f9b014de,GROUNDED,high,0.7018,,"The surrounding guidance explicitly states 'A farmer must keep baled silage at least 10 metres clear of inland or coastal waters,' directly covering the specific 10-metre distance requirement identified as missing in the original verdict.",COMPLETE,HAS_REPORTABLE_COMPARISON,8,2,6,bcand:548bf1dcf895bf65,Silage bales must be stored at least 10 metres from any inland freshwaters or coastal waters that effluent escaping from the bales could enter.,lex-e71fbbe3342ac0be,"The Water Resources (Control of Pollution) (Silage, Slurry and Agricultural Fuel Oil) (England) Regulations 2010",https://www.legislation.gov.uk/uksi/2010/639/contents/made,https://www.legislation.gov.uk/uksi/2010/639/regulation/3/1,,,regulation:3:paragraph:1:subparagraph:b:item:ii
ssafo-nitrates,https://www.gov.uk/guidance/storing-silage-slurry-and-agricultural-fuel-oil,"Storing silage, slurry and agricultural fuel oil",3c951850-eaec-44ee-bb0c-52e4e53a66fb,susan-ef92f343b178a474-30,A farmer must make sure any baled silage stored directly on the ground cannot leak into a water source.,section:rules-for-making-and-storing-silage,You must seal baled silage in an impermeable membrane or bag. It does not need a specially constructed base but you must make sure any silage stored directly on the ground cannot leak into a water source.,m-96679b49,GUIDANCE_INCOMPLETE,high,0.6972,,"This is the best anchor: it requires bales to be wrapped in impermeable membranes/bags (addressing leakage) and stored 10 metres from water, but the guidance omits the specific distance requirement and the impermeable wrapping obligation, covering only the general 'cannot leak into a water source' aspect.",COMPLETE,HAS_REPORTABLE_COMPARISON,8,2,6,bcand:b62945b66062c10d,"A person who has custody or control of silage being made or stored must ensure that, where silage is compressed into bales, the bales are wrapped and sealed in impermeable membranes or enclosed in impermeable bags, and are stored at least 10 metres from any inland freshwaters or coastal waters that effluent escaping from the bales could enter.",lex-e71fbbe3342ac0be,"The Water Resources (Control of Pollution) (Silage, Slurry and Agricultural Fuel Oil) (England) Regulations 2010",https://www.legislation.gov.uk/uksi/2010/639/contents/made,https://www.legislation.gov.uk/uksi/2010/639/regulation/3/1,,,regulation:3:paragraph:1:subparagraph:b:items:i-ii
ssafo-nitrates,https://www.gov.uk/guidance/storing-silage-slurry-and-agricultural-fuel-oil,"Storing silage, slurry and agricultural fuel oil",3c951850-eaec-44ee-bb0c-52e4e53a66fb,susan-ef92f343b178a474-31,A farmer must keep baled silage at least 10 metres clear of inland or coastal waters.,section:rules-for-making-and-storing-silage,You must keep baled silage at least 10 metres clear of inland or coastal waters.,m-7b5b9029,GUIDANCE_INCOMPLETE,high,0.7531,,"The guidance accurately reflects the 10-metre requirement for storing baled silage near inland or coastal waters, but omits the important qualifier that the rule applies to waters 'which effluent escaping from the bales could enter' — a condition that narrows the scope of the obligation. The guidance also omits any mention of protected water supply source abstraction point requirements if such exist for bales.",COMPLETE,HAS_REPORTABLE_COMPARISON,5,1,4,bcand:548bf1dcf895bf65,Silage bales must be stored at least 10 metres from any inland freshwaters or coastal waters that effluent escaping from the bales could enter.,lex-e71fbbe3342ac0be,"The Water Resources (Control of Pollution) (Silage, Slurry and Agricultural Fuel Oil) (England) Regulations 2010",https://www.legislation.gov.uk/uksi/2010/639/contents/made,https://www.legislation.gov.uk/uksi/2010/639/regulation/3/1,,,regulation:3:paragraph:1:subparagraph:b:item:ii
ssafo-nitrates,https://www.gov.uk/guidance/storing-silage-slurry-and-agricultural-fuel-oil,"Storing silage, slurry and agricultural fuel oil",3c951850-eaec-44ee-bb0c-52e4e53a66fb,susan-ef92f343b178a474-32,"For silage to be stored as field silage, there must be no construction works such as walls or earth banks, and topsoil must not be disturbed.",section:rules-for-making-and-storing-silage,"For silage to be stored as field silage there must be no construction works, for example walls or earth banks. Also, topsoil must not be disturbed.",,,,,,,COMPLETE,ONLY_UNGROUNDED_CANDIDATES,6,0,6,,,,,,,,,
ssafo-nitrates,https://www.gov.uk/guidance/storing-silage-slurry-and-agricultural-fuel-oil,"Storing silage, slurry and agricultural fuel oil",3c951850-eaec-44ee-bb0c-52e4e53a66fb,susan-ef92f343b178a474-33,A farmer making field silage or non-baled bags must choose a suitable site and ensure any drainage can be contained.,,"If you make field silage or non-baled bags, you must:
choose a suitable site – for example if you store silage in a non-baled bag in your farmyard, you must make sure you can contain any drainage
notify your local Environment Agency office at least 14 days before you first use the site",m-dbdaa4bb,GROUNDED,medium,0.7398,,"The surrounding guidance explicitly states 'A farmer must not make or store any silage, or unwrap baled silage, within 10 metres of inland or coastal waters' and 'A farmer must not store field silage within 50 metres of a protected water supply source', directly covering the specific minimum distance requirements identified as missing in the original verdict.",COMPLETE,HAS_REPORTABLE_COMPARISON,4,2,2,bcand:3ac3047dcfb92297,"Where silage is a crop being made into field silage or silage being stored on open land, the place must be at least 10 metres from any inland freshwaters or coastal waters, and at least 50 metres from the nearest relevant abstraction point of any protected water supply source that silage effluent could enter if it escaped.",lex-e71fbbe3342ac0be,"The Water Resources (Control of Pollution) (Silage, Slurry and Agricultural Fuel Oil) (England) Regulations 2010",https://www.legislation.gov.uk/uksi/2010/639/contents/made,https://www.legislation.gov.uk/uksi/2010/639/regulation/3/1,,,regulation:3:paragraph:1:subparagraph:c:item:ii
ssafo-nitrates,https://www.gov.uk/guidance/storing-silage-slurry-and-agricultural-fuel-oil,"Storing silage, slurry and agricultural fuel oil",3c951850-eaec-44ee-bb0c-52e4e53a66fb,susan-ef92f343b178a474-33,A farmer making field silage or non-baled bags must choose a suitable site and ensure any drainage can be contained.,,"If you make field silage or non-baled bags, you must:
choose a suitable site – for example if you store silage in a non-baled bag in your farmyard, you must make sure you can contain any drainage
notify your local Environment Agency office at least 14 days before you first use the site",m-b91f1c64,GUIDANCE_INCOMPLETE,high,0.7055,,"This is the best anchor: it imposes a direct obligation on the person with custody of field silage to site it at least 10m from inland/coastal waters and 50m from abstraction points. The guidance vaguely references choosing a suitable site and containing drainage but omits these specific mandatory distances, making it incomplete.",COMPLETE,HAS_REPORTABLE_COMPARISON,4,2,2,bcand:e7815975e831a82a,"A person who has custody or control of field silage or silage stored on open land must ensure that the place is at least 10 metres from any inland freshwaters or coastal waters, and at least 50 metres from the nearest relevant abstraction point of any protected water supply source that silage effluent could enter if it escaped.",lex-e71fbbe3342ac0be,"The Water Resources (Control of Pollution) (Silage, Slurry and Agricultural Fuel Oil) (England) Regulations 2010",https://www.legislation.gov.uk/uksi/2010/639/contents/made,https://www.legislation.gov.uk/uksi/2010/639/regulation/3/1,,,regulation:3:paragraph:1:subparagraph:c:item:ii
ssafo-nitrates,https://www.gov.uk/guidance/storing-silage-slurry-and-agricultural-fuel-oil,"Storing silage, slurry and agricultural fuel oil",3c951850-eaec-44ee-bb0c-52e4e53a66fb,susan-ef92f343b178a474-34,A farmer making field silage or non-baled bags must notify the local Environment Agency office at least 14 days before first using the site.,,"If you make field silage or non-baled bags, you must:
choose a suitable site – for example if you store silage in a non-baled bag in your farmyard, you must make sure you can contain any drainage
notify your local Environment Agency office at least 14 days before you first use the site",m-02f5b206,GROUNDED,high,0.7494,,"This clause directly places the 14-day advance notice obligation on the person with custody or control (i.e., the farmer) for field silage or silage stored on open land, accurately reflecting the guidance's content on timing and subject matter.",COMPLETE,HAS_REPORTABLE_COMPARISON,2,1,1,bcand:297c76a9383be4bc,A person who has custody or control of field silage or silage stored on open land must ensure that the Agency is given notice of the place where the silage is to be made or stored at least 14 days before the place is first used for that purpose.,lex-e71fbbe3342ac0be,"The Water Resources (Control of Pollution) (Silage, Slurry and Agricultural Fuel Oil) (England) Regulations 2010",https://www.legislation.gov.uk/uksi/2010/639/contents/made,https://www.legislation.gov.uk/uksi/2010/639/regulation/3/1,,,regulation:3:paragraph:1:subparagraph:c:item:i
ssafo-nitrates,https://www.gov.uk/guidance/storing-silage-slurry-and-agricultural-fuel-oil,"Storing silage, slurry and agricultural fuel oil",3c951850-eaec-44ee-bb0c-52e4e53a66fb,susan-ef92f343b178a474-35,"Slurry run-off from solid manure stores, woodchip, straw-bedded corrals and stand-off pads must be collected and stored either separately or in the main slurry store.",section:rules-for-making-and-storing-slurry-including-in-earth-banked-stores,You must collect and store it either separately or in your main slurry store. This does not apply to slurry you store temporarily in a container or trailer for transportation.,,,,,,,COMPLETE,ONLY_UNGROUNDED_CANDIDATES,3,0,3,,,,,,,,,
ssafo-nitrates,https://www.gov.uk/guidance/storing-silage-slurry-and-agricultural-fuel-oil,"Storing silage, slurry and agricultural fuel oil",3c951850-eaec-44ee-bb0c-52e4e53a66fb,susan-ef92f343b178a474-36,"A farmer must not place slurry storage tanks, effluent tanks, channels or reception pits within 10 metres of inland or coastal waters without written agreement from the Environment Agency.",section:rules-for-making-and-storing-slurry-including-in-earth-banked-stores,"You must not put slurry storage tanks, effluent tanks, channels or reception pits within 10 metres of inland or coastal waters without written agreement from the Environment Agency.",m-3405dbdf,GUIDANCE_INCOMPLETE,high,0.7779,,"The law permits placement within 10 metres if the Agency agrees in writing that precautions taken are adequate to avoid significant pollution risk; the guidance states a blanket prohibition without written agreement, omitting the nuance that adequate precautions (not merely written agreement alone) are the operative condition. The guidance thus covers only part of what the law requires, presenting the rule as simpler than it is.",COMPLETE,HAS_REPORTABLE_COMPARISON,2,1,1,bcand:ef69937aae98411b,"No part of a slurry storage tank or any effluent tank, channels, or reception pit may be situated within 10 metres of any inland freshwaters or coastal waters into which slurry could enter if it were to escape, unless precautions are taken that the Agency agrees in writing are adequate to avoid any significant risk of pollution of controlled waters.",lex-e71fbbe3342ac0be,"The Water Resources (Control of Pollution) (Silage, Slurry and Agricultural Fuel Oil) (England) Regulations 2010",https://www.legislation.gov.uk/uksi/2010/639/contents/made,https://www.legislation.gov.uk/uksi/2010/639/schedule/2/paragraph/7,,,schedule:2:paragraph:7
ssafo-nitrates,https://www.gov.uk/guidance/storing-silage-slurry-and-agricultural-fuel-oil,"Storing silage, slurry and agricultural fuel oil",3c951850-eaec-44ee-bb0c-52e4e53a66fb,susan-ef92f343b178a474-37,"Slurry tanks, reception pits, pipes and channels must be impermeable and meet the anti-corrosion standards set in British Standard 5502-50:1993+A2:2010.",,"Slurry tanks, reception pits, pipes and channels must be impermeable and meet the anti-corrosion standards set in British Standard 5502-50:1993+A2:2010. They should last for at least 20 years with maintenance.",m-34f340b5,GROUNDED,high,0.7675,,"The law requires the base of a slurry storage tank to be impermeable; the guidance states slurry tanks must be impermeable, which is consistent with this requirement (though the guidance may not separately distinguish 'base' from 'walls').",COMPLETE,HAS_REPORTABLE_COMPARISON,6,4,2,bcand:ad85ed0ab1b89ca2,The base of a slurry storage tank must be impermeable.,lex-e71fbbe3342ac0be,"The Water Resources (Control of Pollution) (Silage, Slurry and Agricultural Fuel Oil) (England) Regulations 2010",https://www.legislation.gov.uk/uksi/2010/639/contents/made,https://www.legislation.gov.uk/uksi/2010/639/schedule/2/paragraph/2,,,schedule:2:paragraph:2
ssafo-nitrates,https://www.gov.uk/guidance/storing-silage-slurry-and-agricultural-fuel-oil,"Storing silage, slurry and agricultural fuel oil",3c951850-eaec-44ee-bb0c-52e4e53a66fb,susan-ef92f343b178a474-37,"Slurry tanks, reception pits, pipes and channels must be impermeable and meet the anti-corrosion standards set in British Standard 5502-50:1993+A2:2010.",,"Slurry tanks, reception pits, pipes and channels must be impermeable and meet the anti-corrosion standards set in British Standard 5502-50:1993+A2:2010. They should last for at least 20 years with maintenance.",m-1ba7b9fd,GROUNDED,high,0.7642,,"The law requires pipe walls associated with slurry or effluent storage to be impermeable; the guidance includes pipes in the impermeability requirement, accurately reflecting this clause.",COMPLETE,HAS_REPORTABLE_COMPARISON,6,4,2,bcand:c932f836e7ac6e40,The walls of any pipes associated with slurry or effluent storage must be impermeable.,lex-e71fbbe3342ac0be,"The Water Resources (Control of Pollution) (Silage, Slurry and Agricultural Fuel Oil) (England) Regulations 2010",https://www.legislation.gov.uk/uksi/2010/639/contents/made,https://www.legislation.gov.uk/uksi/2010/639/schedule/2/paragraph/2,,,schedule:2:paragraph:2
ssafo-nitrates,https://www.gov.uk/guidance/storing-silage-slurry-and-agricultural-fuel-oil,"Storing silage, slurry and agricultural fuel oil",3c951850-eaec-44ee-bb0c-52e4e53a66fb,susan-ef92f343b178a474-37,"Slurry tanks, reception pits, pipes and channels must be impermeable and meet the anti-corrosion standards set in British Standard 5502-50:1993+A2:2010.",,"Slurry tanks, reception pits, pipes and channels must be impermeable and meet the anti-corrosion standards set in British Standard 5502-50:1993+A2:2010. They should last for at least 20 years with maintenance.",m-afdc593f,GUIDANCE_BROADER,medium,0.7939,,"The law requires corrosion protection per BS 5502: Part 50:1993; the guidance specifies the updated version BS 5502-50:1993+A2:2010, which sets a higher or more current bar than the statute's reference. Also, the law covers 'base and walls of the slurry storage tank, effluent tank, channels and reception pit, and walls of pipes,' while the guidance refers to 'slurry tanks, reception pits, pipes and channels' — broadly the same scope but not specifying 'base and walls' distinctions.",COMPLETE,HAS_REPORTABLE_COMPARISON,6,4,2,bcand:8546db21f3201256,"The base and walls of the slurry storage tank, any effluent tank, channels and reception pit, and the walls of any pipes must be protected against corrosion in accordance with paragraph 7 of BS 5502: Part 50:1993.",lex-e71fbbe3342ac0be,"The Water Resources (Control of Pollution) (Silage, Slurry and Agricultural Fuel Oil) (England) Regulations 2010",https://www.legislation.gov.uk/uksi/2010/639/contents/made,https://www.legislation.gov.uk/uksi/2010/639/schedule/2/paragraph/3,,,schedule:2:paragraph:3
ssafo-nitrates,https://www.gov.uk/guidance/storing-silage-slurry-and-agricultural-fuel-oil,"Storing silage, slurry and agricultural fuel oil",3c951850-eaec-44ee-bb0c-52e4e53a66fb,susan-ef92f343b178a474-37,"Slurry tanks, reception pits, pipes and channels must be impermeable and meet the anti-corrosion standards set in British Standard 5502-50:1993+A2:2010.",,"Slurry tanks, reception pits, pipes and channels must be impermeable and meet the anti-corrosion standards set in British Standard 5502-50:1993+A2:2010. They should last for at least 20 years with maintenance.",m-cf287e88,GUIDANCE_INCOMPLETE,high,0.7895,,"This clause establishes that the base and walls of effluent tanks, channels, and reception pits must be impermeable, but omits slurry storage tanks; the guidance covers slurry tanks for impermeability, which is addressed separately in bcand:ad85ed0ab1b89ca2. The guidance accurately reflects impermeability for these items but doesn't separately distinguish the base/walls requirement.",COMPLETE,HAS_REPORTABLE_COMPARISON,6,4,2,bcand:6adbc74b0ed8a74e,"The base and walls of any effluent tank, channels, and reception pit must be impermeable.",lex-e71fbbe3342ac0be,"The Water Resources (Control of Pollution) (Silage, Slurry and Agricultural Fuel Oil) (England) Regulations 2010",https://www.legislation.gov.uk/uksi/2010/639/contents/made,https://www.legislation.gov.uk/uksi/2010/639/schedule/2/paragraph/2,,,schedule:2:paragraph:2
ssafo-nitrates,https://www.gov.uk/guidance/storing-silage-slurry-and-agricultural-fuel-oil,"Storing silage, slurry and agricultural fuel oil",3c951850-eaec-44ee-bb0c-52e4e53a66fb,susan-ef92f343b178a474-38,"Slurry tanks, reception pits, pipes and channels should last for at least 20 years with maintenance.",,"Slurry tanks, reception pits, pipes and channels must be impermeable and meet the anti-corrosion standards set in British Standard 5502-50:1993+A2:2010. They should last for at least 20 years with maintenance.",m-464904db,GUIDANCE_INCOMPLETE,high,0.7787,,"The law requires the structures to satisfy the requirements of paragraphs 2 to 4 for at least 20 years with proper maintenance, meaning the 20-year durability is tied to specific structural and containment standards in those paragraphs. The guidance omits this conditional reference to paragraphs 2 to 4 and also omits 'effluent tank' from the list of covered structures, so it covers only part of what the law requires.",COMPLETE,HAS_REPORTABLE_COMPARISON,1,1,0,bcand:17b7cfc3401a7ee1,"The slurry storage tank and any effluent tank, channels, pipes and reception pit must be designed and constructed so that, with proper maintenance, they are likely to continue to satisfy the requirements of paragraphs 2 to 4 for at least 20 years.",lex-e71fbbe3342ac0be,"The Water Resources (Control of Pollution) (Silage, Slurry and Agricultural Fuel Oil) (England) Regulations 2010",https://www.legislation.gov.uk/uksi/2010/639/contents/made,https://www.legislation.gov.uk/uksi/2010/639/schedule/2/paragraph/8,,,schedule:2:paragraph:8
ssafo-nitrates,https://www.gov.uk/guidance/storing-silage-slurry-and-agricultural-fuel-oil,"Storing silage, slurry and agricultural fuel oil",3c951850-eaec-44ee-bb0c-52e4e53a66fb,susan-ef92f343b178a474-39,"When calculating the required capacity of a steel or concrete slurry store, a minimum of 300 millimetres of freeboard must be included.",,"When you calculate the required capacity of your steel or concrete store, you'll need to include a minimum of 300 millimetres of freeboard. For earth-banked stores you'll need a minimum of 750 millimetres and you must maintain this freeboard during use.",,,,,,,COMPLETE,ONLY_UNGROUNDED_CANDIDATES,1,0,1,,,,,,,,,
ssafo-nitrates,https://www.gov.uk/guidance/storing-silage-slurry-and-agricultural-fuel-oil,"Storing silage, slurry and agricultural fuel oil",3c951850-eaec-44ee-bb0c-52e4e53a66fb,susan-ef92f343b178a474-4,"A person who does not follow the rules or take care to avoid causing pollution can be prosecuted and fined up to £5,000 in a magistrates' court, or receive an unlimited fine in the Crown Court.",,"If you do not follow the rules or take care to avoid causing pollution you can be prosecuted and fined up to £5,000 in a magistrates' court, or get an unlimited fine in the Crown Court.",,,,,,,COMPLETE,ONLY_UNGROUNDED_CANDIDATES,3,0,3,,,,,,,,,
ssafo-nitrates,https://www.gov.uk/guidance/storing-silage-slurry-and-agricultural-fuel-oil,"Storing silage, slurry and agricultural fuel oil",3c951850-eaec-44ee-bb0c-52e4e53a66fb,susan-ef92f343b178a474-40,"When calculating the required capacity of an earth-banked slurry store, a minimum of 750 millimetres of freeboard must be included and this freeboard must be maintained during use.",,"When you calculate the required capacity of your steel or concrete store, you'll need to include a minimum of 300 millimetres of freeboard. For earth-banked stores you'll need a minimum of 750 millimetres and you must maintain this freeboard during use.",m-16a28993,GROUNDED,high,0.7915,,"The law sets a minimum standard prohibiting filling an earth-walled slurry tank to less than 750mm of freeboard, which directly corresponds to the guidance's requirement to include and maintain 750mm of freeboard. The guidance accurately reflects this statutory floor without exceeding or falling short of it.",COMPLETE,HAS_REPORTABLE_COMPARISON,1,1,0,bcand:0aed89945dbf0c53,A slurry storage tank with walls made of earth must not be filled to a level that allows less than 750 millimetres of freeboard.,lex-e71fbbe3342ac0be,"The Water Resources (Control of Pollution) (Silage, Slurry and Agricultural Fuel Oil) (England) Regulations 2010",https://www.legislation.gov.uk/uksi/2010/639/contents/made,https://www.legislation.gov.uk/uksi/2010/639/schedule/2/paragraph/11,,,schedule:2:paragraph:11
ssafo-nitrates,https://www.gov.uk/guidance/storing-silage-slurry-and-agricultural-fuel-oil,"Storing silage, slurry and agricultural fuel oil",3c951850-eaec-44ee-bb0c-52e4e53a66fb,susan-ef92f343b178a474-41,Slurry storage capacity must normally be sufficient for at least 4 months' slurry storage.,,You'll normally need capacity for at least 4 months' slurry storage.,m-58bf8da0,GROUNDED,high,0.7369,,"This clause establishes that where slurry is spread on land, the storage tank need not exceed four months' capacity, which directly underpins the guidance statement that capacity must 'normally' be sufficient for at least four months. The guidance accurately reflects this provision as a standard requirement.",COMPLETE,HAS_REPORTABLE_COMPARISON,5,1,4,bcand:8acd97aa5decf2ae,"Where slurry is to be utilised on the premises by spreading it on land, the slurry storage tank need not have a greater storage capacity than is adequate to hold the maximum quantity of slurry likely to be produced in any four-month period, taking into account the matters in sub-paragraph (3).",lex-e71fbbe3342ac0be,"The Water Resources (Control of Pollution) (Silage, Slurry and Agricultural Fuel Oil) (England) Regulations 2010",https://www.legislation.gov.uk/uksi/2010/639/contents/made,https://www.legislation.gov.uk/uksi/2010/639/schedule/2/paragraph/6,,,schedule:2:paragraph:6:subparagraph:2
ssafo-nitrates,https://www.gov.uk/guidance/storing-silage-slurry-and-agricultural-fuel-oil,"Storing silage, slurry and agricultural fuel oil",3c951850-eaec-44ee-bb0c-52e4e53a66fb,susan-ef92f343b178a474-42,Temporary slurry storage facilities such as a reception pit must be large enough to store a minimum of 2 days' combined slurry production and likely rainfall.,,Any temporary storage facilities you have – such as a reception pit – must be large enough to store a minimum of 2 days' combined slurry production and likely rainfall.,m-165c834a,GUIDANCE_BROADER,high,0.7688,,"The law sets a floor requiring capacity for the maximum two-day slurry production, but makes no mention of rainfall. The guidance adds 'likely rainfall' as an additional component of the required capacity, which exceeds the statutory minimum without contradicting it — this is a higher bar than the legal floor, so GUIDANCE_BROADER applies under Rule 3.",COMPLETE,HAS_REPORTABLE_COMPARISON,1,1,0,bcand:bc78d29f204f090b,Facilities used for the temporary storage of slurry before transfer to a slurry storage tank must have adequate capacity to store the maximum quantity of slurry likely to be produced on the premises in any two-day period (disregarding slurry transferred directly into a slurry storage tank).,lex-e71fbbe3342ac0be,"The Water Resources (Control of Pollution) (Silage, Slurry and Agricultural Fuel Oil) (England) Regulations 2010",https://www.legislation.gov.uk/uksi/2010/639/contents/made,https://www.legislation.gov.uk/uksi/2010/639/schedule/2/paragraph/5,,,schedule:2:paragraph:5:subparagraph:1:item:a
ssafo-nitrates,https://www.gov.uk/guidance/storing-silage-slurry-and-agricultural-fuel-oil,"Storing silage, slurry and agricultural fuel oil",3c951850-eaec-44ee-bb0c-52e4e53a66fb,susan-ef92f343b178a474-43,"If a slurry tank, effluent tank or reception pit is fitted with a drainage pipe, it must have 2 valves separated by at least 1 metre.",section:rules-for-making-and-storing-slurry-including-in-earth-banked-stores,"If your slurry tank, effluent tank or reception pit is fitted with a drainage pipe it must have 2 valves separated by a least 1 metre. Each valve must be able to shut off the flow of slurry and be locked when not in use.",m-b37f8cc1,GROUNDED,high,0.8008,,The guidance accurately restates the statutory requirement: two valves on the drainage pipe separated by a minimum of 1 metre. The phrase 'in series' in the law is implicit in the guidance's '2 valves separated by at least 1 metre' but no substantive requirement is omitted or contradicted.,COMPLETE,HAS_REPORTABLE_COMPARISON,1,1,0,bcand:ac0a96d4053ca235,"If a slurry storage tank, effluent tank, or reception pit is fitted with a drainage pipe, there must be two valves in series on the pipe, with each valve separated from the other by a minimum distance of 1 metre.",lex-e71fbbe3342ac0be,"The Water Resources (Control of Pollution) (Silage, Slurry and Agricultural Fuel Oil) (England) Regulations 2010",https://www.legislation.gov.uk/uksi/2010/639/contents/made,https://www.legislation.gov.uk/uksi/2010/639/schedule/2/paragraph/10,,,schedule:2:paragraph:10:subparagraph:1
ssafo-nitrates,https://www.gov.uk/guidance/storing-silage-slurry-and-agricultural-fuel-oil,"Storing silage, slurry and agricultural fuel oil",3c951850-eaec-44ee-bb0c-52e4e53a66fb,susan-ef92f343b178a474-44,Each valve on a slurry drainage pipe must be able to shut off the flow of slurry and be locked when not in use.,section:rules-for-making-and-storing-slurry-including-in-earth-banked-stores,"If your slurry tank, effluent tank or reception pit is fitted with a drainage pipe it must have 2 valves separated by a least 1 metre. Each valve must be able to shut off the flow of slurry and be locked when not in use.",m-68c67395,GUIDANCE_INCOMPLETE,high,0.7511,,"The law requires valves to be 'kept shut and locked when not in use', whereas the guidance only states they must 'be able to shut off the flow' and 'be locked when not in use' — omitting the requirement that valves must also be kept shut (not merely lockable). This is a substantive omission within the same regulatory framework.",COMPLETE,HAS_REPORTABLE_COMPARISON,1,1,0,bcand:58ae2bc6ad1395fc,Each valve on the drainage pipe must be capable of shutting off the flow of slurry through the pipe and must be kept shut and locked when not in use.,lex-e71fbbe3342ac0be,"The Water Resources (Control of Pollution) (Silage, Slurry and Agricultural Fuel Oil) (England) Regulations 2010",https://www.legislation.gov.uk/uksi/2010/639/contents/made,https://www.legislation.gov.uk/uksi/2010/639/schedule/2/paragraph/10,,,schedule:2:paragraph:10:subparagraph:2
ssafo-nitrates,https://www.gov.uk/guidance/storing-silage-slurry-and-agricultural-fuel-oil,"Storing silage, slurry and agricultural fuel oil",3c951850-eaec-44ee-bb0c-52e4e53a66fb,susan-ef92f343b178a474-45,An earth-banked slurry store must have impermeable soil to a thickness of at least 1 metre.,section:rules-for-making-and-storing-slurry-including-in-earth-banked-stores,"An earth-banked store must have impermeable soil to a thickness of at least 1 metre. You may need laboratory analysis and confirmation from a civil engineer to be sure your soil is suitable. Alternatively, you can import impermeable soil or use a synthetic liner.",m-3ba9be14,GUIDANCE_BROADER,medium,0.7117,,"The law requires the base to be impermeable but sets no minimum thickness. The guidance adds a specific requirement of at least 1 metre of impermeable soil, which exceeds the statutory floor without contradicting it.",COMPLETE,HAS_REPORTABLE_COMPARISON,3,1,2,bcand:ad85ed0ab1b89ca2,The base of a slurry storage tank must be impermeable.,lex-e71fbbe3342ac0be,"The Water Resources (Control of Pollution) (Silage, Slurry and Agricultural Fuel Oil) (England) Regulations 2010",https://www.legislation.gov.uk/uksi/2010/639/contents/made,https://www.legislation.gov.uk/uksi/2010/639/schedule/2/paragraph/2,,,schedule:2:paragraph:2
ssafo-nitrates,https://www.gov.uk/guidance/storing-silage-slurry-and-agricultural-fuel-oil,"Storing silage, slurry and agricultural fuel oil",3c951850-eaec-44ee-bb0c-52e4e53a66fb,susan-ef92f343b178a474-46,"The permeability of compacted soil in an earth-banked slurry store must be less than 1 x 10⁻⁹ metres per second (0.000001 mm per second), tested to BS 1377-6:1990 or BS EN 1997-2:2007.",,The permeability of your compacted soil must be less than 1 x 10 -9 metres per second (0.000001 mm per second). Testing should be to BS 1377-6:1990 or to BS EN 1997-2:2007.,,,,,,,COMPLETE,ONLY_UNGROUNDED_CANDIDATES,4,0,4,,,,,,,,,
ssafo-nitrates,https://www.gov.uk/guidance/storing-silage-slurry-and-agricultural-fuel-oil,"Storing silage, slurry and agricultural fuel oil",3c951850-eaec-44ee-bb0c-52e4e53a66fb,susan-ef92f343b178a474-47,The base of a weeping-wall slurry store must extend beyond its walls and include perimeter drains to catch escaped slurry and drain into an effluent tank.,section:rules-for-making-and-storing-slurry-including-in-earth-banked-stores,The base of a weeping-wall store must extend beyond its walls and include perimeter drains to catch escaped slurry and drain into an effluent tank.,m-454977d8,GROUNDED,high,0.7524,,Subparagraph (c) requires that where walls are not impermeable the base must have adequate provision (channel or pipe) to drain collected slurry to an effluent tank — this directly grounds the guidance's requirement that perimeter drains drain into an effluent tank.,COMPLETE,HAS_REPORTABLE_COMPARISON,3,2,1,bcand:a2fac7f203ce000f,"Where the walls of a slurry storage tank are not impermeable, the base of the tank must have adequate provision for the drainage of slurry from the collection channels to an effluent tank through a channel or pipe.",lex-e71fbbe3342ac0be,"The Water Resources (Control of Pollution) (Silage, Slurry and Agricultural Fuel Oil) (England) Regulations 2010",https://www.legislation.gov.uk/uksi/2010/639/contents/made,https://www.legislation.gov.uk/uksi/2010/639/schedule/2/paragraph/9,,,schedule:2:paragraph:9:subparagraph:c
ssafo-nitrates,https://www.gov.uk/guidance/storing-silage-slurry-and-agricultural-fuel-oil,"Storing silage, slurry and agricultural fuel oil",3c951850-eaec-44ee-bb0c-52e4e53a66fb,susan-ef92f343b178a474-47,The base of a weeping-wall slurry store must extend beyond its walls and include perimeter drains to catch escaped slurry and drain into an effluent tank.,section:rules-for-making-and-storing-slurry-including-in-earth-banked-stores,The base of a weeping-wall store must extend beyond its walls and include perimeter drains to catch escaped slurry and drain into an effluent tank.,m-661a3d5f,GROUNDED,high,0.7203,,"Subparagraph (b) directly requires that where walls are not impermeable the base must be provided with channels to collect escaped slurry, which is the legal basis for the guidance's requirement that the base extend beyond the walls with perimeter collection channels.",COMPLETE,HAS_REPORTABLE_COMPARISON,3,2,1,bcand:f0d77a6222c01302,"Where the walls of a slurry storage tank are not impermeable, the base of the tank must be provided with channels designed and constructed so as to collect any slurry that escapes from the tank.",lex-e71fbbe3342ac0be,"The Water Resources (Control of Pollution) (Silage, Slurry and Agricultural Fuel Oil) (England) Regulations 2010",https://www.legislation.gov.uk/uksi/2010/639/contents/made,https://www.legislation.gov.uk/uksi/2010/639/schedule/2/paragraph/9,,,schedule:2:paragraph:9:subparagraph:b
ssafo-nitrates,https://www.gov.uk/guidance/storing-silage-slurry-and-agricultural-fuel-oil,"Storing silage, slurry and agricultural fuel oil",3c951850-eaec-44ee-bb0c-52e4e53a66fb,susan-ef92f343b178a474-48,An irrigation system must not deposit slurry within 10 metres of inland freshwater or 50 metres of any water supply.,section:rules-for-making-and-storing-slurry-including-in-earth-banked-stores,Your irrigation system must not deposit slurry within 10 metres of inland freshwater or 50 metres of any water supply.,,,,,,,COMPLETE,ONLY_UNGROUNDED_CANDIDATES,2,0,2,,,,,,,,,
ssafo-nitrates,https://www.gov.uk/guidance/storing-silage-slurry-and-agricultural-fuel-oil,"Storing silage, slurry and agricultural fuel oil",3c951850-eaec-44ee-bb0c-52e4e53a66fb,susan-ef92f343b178a474-49,A farmer must assess the risk of direct run-off from land intended to be irrigated with slurry and identify unsuitable areas.,section:rules-for-making-and-storing-slurry-including-in-earth-banked-stores,"You must assess the risk of direct run-off from land you intend to irrigate, and identify unsuitable areas.",m-88dbc7dc,GROUNDED,high,0.6667,,"Regulation 15(1)(d),(e),(f) requires occupiers to produce and maintain a risk map showing sandy/shallow soils, land with incline >12°, and land within 10 metres of surface waters, which directly underpins the guidance obligation to assess run-off risk and identify unsuitable areas for slurry application.",COMPLETE,HAS_REPORTABLE_COMPARISON,10,3,7,bcand:bbe8c65330bf8856,"An occupier of a holding who spreads organic manure on that holding must produce and maintain a risk map showing areas with sandy or shallow soils, land with an incline greater than 12 degrees, and land within 10 metres of surface waters.",lex-120b4f9c395b3f94,The Nitrate Pollution Prevention Regulations 2015,https://www.legislation.gov.uk/uksi/2015/668/contents/made,https://www.legislation.gov.uk/uksi/2015/668/regulation/15/1,,,"regulation:15:paragraph:1:subparagraphs:(d),(e),(f)"
ssafo-nitrates,https://www.gov.uk/guidance/storing-silage-slurry-and-agricultural-fuel-oil,"Storing silage, slurry and agricultural fuel oil",3c951850-eaec-44ee-bb0c-52e4e53a66fb,susan-ef92f343b178a474-49,A farmer must assess the risk of direct run-off from land intended to be irrigated with slurry and identify unsuitable areas.,section:rules-for-making-and-storing-slurry-including-in-earth-banked-stores,"You must assess the risk of direct run-off from land you intend to irrigate, and identify unsuitable areas.",m-23756fba,GUIDANCE_INCOMPLETE,medium,0.688,,"Regulation 16(2)(a)-(f) sets out specific factors that must be considered when assessing nitrogen run-off risk to surface water, but the guidance only mentions assessing run-off risk and identifying unsuitable areas without specifying all six mandatory factors (slope, ground cover, proximity to water, weather, soil type, land drains). The guidance covers less than what the law requires.",COMPLETE,HAS_REPORTABLE_COMPARISON,10,3,7,bcand:0f578512731098c4,"In assessing the risk of nitrogen getting into surface water, account must be taken in particular of: (a) the slope of the land (especially if greater than 12 degrees); (b) any ground cover; (c) the proximity to surface water; (d) the weather conditions; (e) the soil type; and (f) the presence of land drains.",lex-120b4f9c395b3f94,The Nitrate Pollution Prevention Regulations 2015,https://www.legislation.gov.uk/uksi/2015/668/contents/made,https://www.legislation.gov.uk/uksi/2015/668/regulation/16/2,,,regulation:16:paragraph:2:subparagraph:a-f
ssafo-nitrates,https://www.gov.uk/guidance/storing-silage-slurry-and-agricultural-fuel-oil,"Storing silage, slurry and agricultural fuel oil",3c951850-eaec-44ee-bb0c-52e4e53a66fb,susan-ef92f343b178a474-49,A farmer must assess the risk of direct run-off from land intended to be irrigated with slurry and identify unsuitable areas.,section:rules-for-making-and-storing-slurry-including-in-earth-banked-stores,"You must assess the risk of direct run-off from land you intend to irrigate, and identify unsuitable areas.",m-f5d90b68,GUIDANCE_INCOMPLETE,medium,0.6591,,"Regulation 15(1)(b),(c),(g) requires the risk map to show all surface waters, boreholes/springs/wells, and land within 50 metres of such features; the guidance's focus on run-off risk assessment partially overlaps but does not capture these specific mapping obligations, leaving them unaddressed.",COMPLETE,HAS_REPORTABLE_COMPARISON,10,3,7,bcand:909f71968c86dbea,"An occupier of a holding who spreads organic manure on that holding must produce and maintain a risk map showing all surface waters, any boreholes, springs or wells on the holding or within 50 metres of the boundary of the holding, and land within 50 metres of a borehole, spring or well.",lex-120b4f9c395b3f94,The Nitrate Pollution Prevention Regulations 2015,https://www.legislation.gov.uk/uksi/2015/668/contents/made,https://www.legislation.gov.uk/uksi/2015/668/regulation/15/1,,,"regulation:15:paragraph:1:subparagraphs:(b),(c),(g)"
ssafo-nitrates,https://www.gov.uk/guidance/storing-silage-slurry-and-agricultural-fuel-oil,"Storing silage, slurry and agricultural fuel oil",3c951850-eaec-44ee-bb0c-52e4e53a66fb,susan-ef92f343b178a474-5,A new or substantially changed store must follow the specific rules for the substance being stored.,,"A new or substantially changed store must:
follow the specific rules for the substance you're storing
have an expected lifespan of at least 20 years with maintenance – any part of a silage effluent tank that's underground must last 20 years without maintenance
be at least 10 metres clear of inland or coastal waters – you may need a larger safety zone in some cases, for example near a water supply intake",,,,,,,COMPLETE,ONLY_UNGROUNDED_CANDIDATES,1,0,1,,,,,,,,,
ssafo-nitrates,https://www.gov.uk/guidance/storing-silage-slurry-and-agricultural-fuel-oil,"Storing silage, slurry and agricultural fuel oil",3c951850-eaec-44ee-bb0c-52e4e53a66fb,susan-ef92f343b178a474-50,"The rules for agricultural fuel oil apply only if a farmer both builds a new store or makes substantial changes to an existing one AND stores over 1,500 litres of agricultural fuel oil on their farm.",,"You must follow these rules if you both:
build a new agricultural fuel oil store or make substantial changes to an existing one
store over 1,500 litres of agricultural fuel oil on your farm",m-22794a79,CONFLICTS,medium,0.7148,,"Regulation 5(2)(b) exempts farms storing no more than 1,500 litres without any requirement for a new or improved store — the exemption applies universally on the quantity criterion alone. The guidance adds a conjunctive condition (new build or substantial change) that the law does not impose, meaning the guidance asserts a narrower scope of application than the law provides, which positively conflicts with the legal provision.",COMPLETE,HAS_REPORTABLE_COMPARISON,6,1,5,bcand:e7c3e0b931f43c7d,"The storage requirements under regulation 5 do not apply where the total quantity of fuel oil stored on the farm does not exceed 1,500 litres.",lex-e71fbbe3342ac0be,"The Water Resources (Control of Pollution) (Silage, Slurry and Agricultural Fuel Oil) (England) Regulations 2010",https://www.legislation.gov.uk/uksi/2010/639/contents/made,https://www.legislation.gov.uk/uksi/2010/639/regulation/5/2,,,regulation:5:paragraph:2:subparagraph:b
ssafo-nitrates,https://www.gov.uk/guidance/storing-silage-slurry-and-agricultural-fuel-oil,"Storing silage, slurry and agricultural fuel oil",3c951850-eaec-44ee-bb0c-52e4e53a66fb,susan-ef92f343b178a474-51,A farmer is responsible for taking precautions to prevent and contain spillages wherever fuel oil is stored on their land.,,Wherever fuel oil is stored on your land you're responsible for taking precautions to prevent and contain spillages – for example by fitting an alarm to alert you to overfilling.,,,,,,,COMPLETE,ONLY_UNGROUNDED_CANDIDATES,3,0,3,,,,,,,,,
ssafo-nitrates,https://www.gov.uk/guidance/storing-silage-slurry-and-agricultural-fuel-oil,"Storing silage, slurry and agricultural fuel oil",3c951850-eaec-44ee-bb0c-52e4e53a66fb,susan-ef92f343b178a474-52,Agricultural fuel oil must be stored in a tank or drum that meets ISO 9000.,,You can store fuel oil in one location or spread across your farm. It must be stored in a tank or drum that meets ISO 9000.,m-6d90c8fb,CONFLICTS,high,0.7011,,"The law requires storage in a tank satisfying Schedule 3 requirements; the guidance asserts ISO 9000 compliance as the standard. Both sit within the same agricultural fuel storage regulatory framework and the guidance substitutes a different standard (ISO 9000) for the legally mandated one (Schedule 3), positively asserting a contradictory rule.",COMPLETE,HAS_REPORTABLE_COMPARISON,4,1,3,bcand:0fa90cee11471cda,Fuel oil on farms must be stored in a fuel storage tank within a storage area or facility that satisfies the requirements of Schedule 3.,lex-e71fbbe3342ac0be,"The Water Resources (Control of Pollution) (Silage, Slurry and Agricultural Fuel Oil) (England) Regulations 2010",https://www.legislation.gov.uk/uksi/2010/639/contents/made,https://www.legislation.gov.uk/uksi/2010/639/regulation/5/1,,,regulation:5:paragraph:1:subparagraph:a
ssafo-nitrates,https://www.gov.uk/guidance/storing-silage-slurry-and-agricultural-fuel-oil,"Storing silage, slurry and agricultural fuel oil",3c951850-eaec-44ee-bb0c-52e4e53a66fb,susan-ef92f343b178a474-53,"No part of an agricultural fuel oil installation can be within 10 metres of inland or coastal waters, including yard drains, dry ditches and land drains.",section:agricultural-fuel-oil,"No part of your installation can be within 10 metres of inland or coastal waters – including yard drains, dry ditches and land drains.",m-619b3efd,GUIDANCE_BROADER,high,0.7887,,"The law limits the 10-metre zone to waters 'that fuel oil could enter if it were to escape,' whereas the guidance applies the rule unconditionally to all inland or coastal waters including yard drains, dry ditches and land drains, without the qualifying escape-risk condition. The guidance also extends the prohibition to 'yard drains, dry ditches and land drains,' which may fall outside the statutory definition of inland freshwaters or coastal waters, making the guidance broader than the statutor",COMPLETE,HAS_REPORTABLE_COMPARISON,1,1,0,bcand:ad86e31a4b211ed2,No part of the fuel storage area or the bund enclosing it may be situated within 10 metres of any inland freshwaters or coastal waters that fuel oil could enter if it were to escape.,lex-e71fbbe3342ac0be,"The Water Resources (Control of Pollution) (Silage, Slurry and Agricultural Fuel Oil) (England) Regulations 2010",https://www.legislation.gov.uk/uksi/2010/639/contents/made,https://www.legislation.gov.uk/uksi/2010/639/schedule/3/paragraph/7,,,schedule:3:paragraph:7
ssafo-nitrates,https://www.gov.uk/guidance/storing-silage-slurry-and-agricultural-fuel-oil,"Storing silage, slurry and agricultural fuel oil",3c951850-eaec-44ee-bb0c-52e4e53a66fb,susan-ef92f343b178a474-54,Underground agricultural fuel oil tanks must follow the Defra groundwater protection code.,,"If tanks are underground, they must also follow the Department for Environment, Food & Rural Affairs (Defra) groundwater protection code.",,,,,,,COMPLETE,ONLY_UNGROUNDED_CANDIDATES,2,0,2,,,,,,,,,
ssafo-nitrates,https://www.gov.uk/guidance/storing-silage-slurry-and-agricultural-fuel-oil,"Storing silage, slurry and agricultural fuel oil",3c951850-eaec-44ee-bb0c-52e4e53a66fb,susan-ef92f343b178a474-55,An agricultural fuel oil tank or drum must be surrounded by a secondary containment structure or bund.,section:agricultural-fuel-oil,A tank or drum must be surrounded by a secondary containment structure or bund.,m-5ff83c8d,GROUNDED,high,0.7031,,"Schedule 3, paragraph 4 directly requires every part of a fuel storage tank to be situated within a bund, which accurately reflects the guidance that a tank must be surrounded by a secondary containment structure or bund.",COMPLETE,HAS_REPORTABLE_COMPARISON,7,2,5,bcand:c8020c60c33d7c96,Every part of any fuel storage tank must be situated within the bund.,lex-e71fbbe3342ac0be,"The Water Resources (Control of Pollution) (Silage, Slurry and Agricultural Fuel Oil) (England) Regulations 2010",https://www.legislation.gov.uk/uksi/2010/639/contents/made,https://www.legislation.gov.uk/uksi/2010/639/schedule/3/paragraph/4,,,schedule:3:paragraph:4
ssafo-nitrates,https://www.gov.uk/guidance/storing-silage-slurry-and-agricultural-fuel-oil,"Storing silage, slurry and agricultural fuel oil",3c951850-eaec-44ee-bb0c-52e4e53a66fb,susan-ef92f343b178a474-55,An agricultural fuel oil tank or drum must be surrounded by a secondary containment structure or bund.,section:agricultural-fuel-oil,A tank or drum must be surrounded by a secondary containment structure or bund.,m-67d2d1e2,GROUNDED,high,0.6794,,"Regulation 5(1)(a) is the operative obligation requiring farm fuel oil to be stored in a tank within a facility satisfying Schedule 3 (which mandates bunding), making it the correct legal basis for the guidance.",COMPLETE,HAS_REPORTABLE_COMPARISON,7,2,5,bcand:0fa90cee11471cda,Fuel oil on farms must be stored in a fuel storage tank within a storage area or facility that satisfies the requirements of Schedule 3.,lex-e71fbbe3342ac0be,"The Water Resources (Control of Pollution) (Silage, Slurry and Agricultural Fuel Oil) (England) Regulations 2010",https://www.legislation.gov.uk/uksi/2010/639/contents/made,https://www.legislation.gov.uk/uksi/2010/639/regulation/5/1,,,regulation:5:paragraph:1:subparagraph:a
ssafo-nitrates,https://www.gov.uk/guidance/storing-silage-slurry-and-agricultural-fuel-oil,"Storing silage, slurry and agricultural fuel oil",3c951850-eaec-44ee-bb0c-52e4e53a66fb,susan-ef92f343b178a474-56,The bund for an agricultural fuel oil store must have a life expectancy of at least 20 years with maintenance.,,"The bund must:
have a life expectancy of at least 20 years with maintenance
be impermeable to oil and water (walls and base), with no drain-down pipe
contain every part of the tank, with taps and valves directed down and locked shut when not in use
contain delivery pipes that are permanently attached to the primary tank, which must be fitted with self-closing taps or valves and locked inside when not in use",m-fe88d809,GROUNDED,high,0.6912,,"The neighbouring proposition explicitly states the bund must be impermeable in both its walls and base, resolving the concern that the base impermeability requirement was omitted; together the two propositions cover what the law requires.",COMPLETE,HAS_REPORTABLE_COMPARISON,6,1,5,bcand:668a0f452928ab85,"The bund and the base of the area must be designed and constructed so that they are of sufficient strength and structural integrity that, with proper maintenance, they are likely to remain impermeable to water and oil for at least 20 years.",lex-e71fbbe3342ac0be,"The Water Resources (Control of Pollution) (Silage, Slurry and Agricultural Fuel Oil) (England) Regulations 2010",https://www.legislation.gov.uk/uksi/2010/639/contents/made,https://www.legislation.gov.uk/uksi/2010/639/schedule/3/paragraph/3,,,schedule:3:paragraph:3:subparagraph:b
ssafo-nitrates,https://www.gov.uk/guidance/storing-silage-slurry-and-agricultural-fuel-oil,"Storing silage, slurry and agricultural fuel oil",3c951850-eaec-44ee-bb0c-52e4e53a66fb,susan-ef92f343b178a474-57,"The bund for an agricultural fuel oil store must be impermeable to oil and water in its walls and base, with no drain-down pipe.",,"The bund must:
have a life expectancy of at least 20 years with maintenance
be impermeable to oil and water (walls and base), with no drain-down pipe
contain every part of the tank, with taps and valves directed down and locked shut when not in use
contain delivery pipes that are permanently attached to the primary tank, which must be fitted with self-closing taps or valves and locked inside when not in use",m-b9bfc9d5,GUIDANCE_BROADER,high,0.71,,"The law requires impermeability to water and oil in the bund and base, which the guidance reflects; however, the guidance adds the requirement of 'no drain-down pipe,' which exceeds what this clause states, making the guidance broader than the statutory minimum without contradicting it.",COMPLETE,HAS_REPORTABLE_COMPARISON,4,1,3,bcand:2a2acb853981119c,The bund and the base of the area must be impermeable to water and oil.,lex-e71fbbe3342ac0be,"The Water Resources (Control of Pollution) (Silage, Slurry and Agricultural Fuel Oil) (England) Regulations 2010",https://www.legislation.gov.uk/uksi/2010/639/contents/made,https://www.legislation.gov.uk/uksi/2010/639/schedule/3/paragraph/3,,,schedule:3:paragraph:3:subparagraph:a
ssafo-nitrates,https://www.gov.uk/guidance/storing-silage-slurry-and-agricultural-fuel-oil,"Storing silage, slurry and agricultural fuel oil",3c951850-eaec-44ee-bb0c-52e4e53a66fb,susan-ef92f343b178a474-58,"The bund for an agricultural fuel oil store must contain every part of the tank, with taps and valves directed down and locked shut when not in use.",,"The bund must:
have a life expectancy of at least 20 years with maintenance
be impermeable to oil and water (walls and base), with no drain-down pipe
contain every part of the tank, with taps and valves directed down and locked shut when not in use
contain delivery pipes that are permanently attached to the primary tank, which must be fitted with self-closing taps or valves and locked inside when not in use",m-52e3babf,GUIDANCE_BROADER,high,0.7726,,"The law requires taps and valves to be within the bund, which the guidance reflects. However, the guidance adds the additional requirements that taps and valves be 'directed down and locked shut when not in use' — these conditions go beyond what the law clause states, making the guidance broader than the legal minimum. The guidance also states the bund must contain 'every part of the tank', which is not addressed by this clause alone.",COMPLETE,HAS_REPORTABLE_COMPARISON,1,1,0,bcand:ac1854e7a3c845d5,Any tap or valve permanently fixed to a fuel storage tank through which fuel oil can be discharged to the open must also be within the bund.,lex-e71fbbe3342ac0be,"The Water Resources (Control of Pollution) (Silage, Slurry and Agricultural Fuel Oil) (England) Regulations 2010",https://www.legislation.gov.uk/uksi/2010/639/contents/made,https://www.legislation.gov.uk/uksi/2010/639/schedule/3/paragraph/5,,,schedule:3:paragraph:5:subparagraph:a
ssafo-nitrates,https://www.gov.uk/guidance/storing-silage-slurry-and-agricultural-fuel-oil,"Storing silage, slurry and agricultural fuel oil",3c951850-eaec-44ee-bb0c-52e4e53a66fb,susan-ef92f343b178a474-59,The bund must contain delivery pipes that are permanently attached to the primary tank; those pipes must be fitted with self-closing taps or valves and locked inside when not in use.,,"The bund must:
have a life expectancy of at least 20 years with maintenance
be impermeable to oil and water (walls and base), with no drain-down pipe
contain every part of the tank, with taps and valves directed down and locked shut when not in use
contain delivery pipes that are permanently attached to the primary tank, which must be fitted with self-closing taps or valves and locked inside when not in use",m-9037ba39,GUIDANCE_BROADER,high,0.7691,,"This clause requires permanently attached flexible pipes to be locked within the bund when not in use, which the guidance reflects. However, the guidance adds the requirement that pipes must be fitted with self-closing taps or valves, which is not stated in this clause, making the guidance broader than the statutory minimum.",COMPLETE,HAS_REPORTABLE_COMPARISON,2,1,1,bcand:caac8146813baa12,"Where fuel from a tank is delivered through a permanently attached flexible pipe, the pipe must be locked in a way that ensures it is kept within the bund when not in use.",lex-e71fbbe3342ac0be,"The Water Resources (Control of Pollution) (Silage, Slurry and Agricultural Fuel Oil) (England) Regulations 2010",https://www.legislation.gov.uk/uksi/2010/639/contents/made,https://www.legislation.gov.uk/uksi/2010/639/schedule/3/paragraph/6,,,schedule:3:paragraph:6:subparagraph:b
ssafo-nitrates,https://www.gov.uk/guidance/storing-silage-slurry-and-agricultural-fuel-oil,"Storing silage, slurry and agricultural fuel oil",3c951850-eaec-44ee-bb0c-52e4e53a66fb,susan-ef92f343b178a474-6,A new or substantially changed store must have an expected lifespan of at least 20 years with maintenance; any part of a silage effluent tank that is underground must last 20 years without maintenance.,,"A new or substantially changed store must:
follow the specific rules for the substance you're storing
have an expected lifespan of at least 20 years with maintenance – any part of a silage effluent tank that's underground must last 20 years without maintenance
be at least 10 metres clear of inland or coastal waters – you may need a larger safety zone in some cases, for example near a water supply intake",m-3d54f589,GROUNDED,medium,0.764,,"This clause requires slurry storage tanks, effluent tanks, channels, pipes and reception pits to last at least 20 years with proper maintenance, which aligns with the guidance's first claim that a new or substantially changed store must have an expected lifespan of at least 20 years with maintenance. The match is medium confidence because the guidance says 'store' generically while the law clause is specific to slurry/effluent infrastructure.",COMPLETE,HAS_REPORTABLE_COMPARISON,2,2,0,bcand:17b7cfc3401a7ee1,"The slurry storage tank and any effluent tank, channels, pipes and reception pit must be designed and constructed so that, with proper maintenance, they are likely to continue to satisfy the requirements of paragraphs 2 to 4 for at least 20 years.",lex-e71fbbe3342ac0be,"The Water Resources (Control of Pollution) (Silage, Slurry and Agricultural Fuel Oil) (England) Regulations 2010",https://www.legislation.gov.uk/uksi/2010/639/contents/made,https://www.legislation.gov.uk/uksi/2010/639/schedule/2/paragraph/8,,,schedule:2:paragraph:8
ssafo-nitrates,https://www.gov.uk/guidance/storing-silage-slurry-and-agricultural-fuel-oil,"Storing silage, slurry and agricultural fuel oil",3c951850-eaec-44ee-bb0c-52e4e53a66fb,susan-ef92f343b178a474-6,A new or substantially changed store must have an expected lifespan of at least 20 years with maintenance; any part of a silage effluent tank that is underground must last 20 years without maintenance.,,"A new or substantially changed store must:
follow the specific rules for the substance you're storing
have an expected lifespan of at least 20 years with maintenance – any part of a silage effluent tank that's underground must last 20 years without maintenance
be at least 10 metres clear of inland or coastal waters – you may need a larger safety zone in some cases, for example near a water supply intake",m-afb31dcf,GROUNDED,high,0.7408,,"This clause directly states that where any part of an effluent tank is below ground level, it must satisfy structural integrity and impermeability requirements for at least 20 years without maintenance — precisely matching the guidance's second claim about underground parts of silage effluent tanks.",COMPLETE,HAS_REPORTABLE_COMPARISON,2,2,0,bcand:5cb952f51f42ed5e,"Where any part of an effluent tank is below ground level, the tank must be designed and constructed so that it is likely to continue to satisfy the structural integrity and impermeability requirements of paragraphs 4 and 5 for at least 20 years without maintenance.",lex-e71fbbe3342ac0be,"The Water Resources (Control of Pollution) (Silage, Slurry and Agricultural Fuel Oil) (England) Regulations 2010",https://www.legislation.gov.uk/uksi/2010/639/contents/made,https://www.legislation.gov.uk/uksi/2010/639/schedule/1/paragraph/9,,,schedule:1:paragraph:9
ssafo-nitrates,https://www.gov.uk/guidance/storing-silage-slurry-and-agricultural-fuel-oil,"Storing silage, slurry and agricultural fuel oil",3c951850-eaec-44ee-bb0c-52e4e53a66fb,susan-ef92f343b178a474-60,A farmer must dispose of any waste fuel oil or mix of oil and water that collects in the bund without causing pollution.,section:agricultural-fuel-oil,You must dispose of any waste fuel oil or mix of oil and water that collects in the bund without causing pollution.,,,,,,,COMPLETE,ONLY_UNGROUNDED_CANDIDATES,2,0,2,,,,,,,,,
ssafo-nitrates,https://www.gov.uk/guidance/storing-silage-slurry-and-agricultural-fuel-oil,"Storing silage, slurry and agricultural fuel oil",3c951850-eaec-44ee-bb0c-52e4e53a66fb,susan-ef92f343b178a474-61,"The Environment Agency can serve a notice to stop a farmer using an unsuitable silage, slurry or agricultural fuel oil store until it is improved or relocated, if there is a significant risk of pollution.",,"The Environment Agency can serve a notice to stop you using an unsuitable silage, slurry or agricultural fuel oil store until it's improved or relocated. They'll do this if they think there's a significant risk of pollution – for example if you've not allowed enough capacity to store slurry.",m-236b09e0,GUIDANCE_BROADER,high,0.6861,,"Regulation 7(1) grants the Agency power to serve a notice requiring works, precautions or other steps without specifying a threshold of 'significant risk of pollution'; the guidance adds that condition, raising the bar above what the statutory text expressly states. Under Rule 4, this is GUIDANCE_BROADER rather than CONFLICTS.",COMPLETE,HAS_REPORTABLE_COMPARISON,6,1,5,bcand:23630cf4a53b5fc8,"The Agency may serve a notice on a person who has custody or control of silage, slurry or fuel oil, or is responsible for the silo, slurry storage system or fuel oil storage tank, in circumstances in which these Regulations apply, requiring that person to carry out works, or take precautions or other steps, specified in the notice.",lex-e71fbbe3342ac0be,"The Water Resources (Control of Pollution) (Silage, Slurry and Agricultural Fuel Oil) (England) Regulations 2010",https://www.legislation.gov.uk/uksi/2010/639/contents/made,https://www.legislation.gov.uk/uksi/2010/639/regulation/7/1,,,regulation:7:paragraph:1
ssafo-nitrates,https://www.gov.uk/guidance/storing-silage-slurry-and-agricultural-fuel-oil,"Storing silage, slurry and agricultural fuel oil",3c951850-eaec-44ee-bb0c-52e4e53a66fb,susan-ef92f343b178a474-62,A farmer served a notice must be given at least 28 days to carry out the required work.,,"You'll have at least 28 days to carry out the work. You may be allowed more time, for example if you need planning permission or the weather is unsuitable.",m-4c938925,GROUNDED,high,0.6912,,"The law clause states the compliance period in a notice requiring works is 28 days, which directly and accurately reflects the guidance that a farmer served a notice must be given at least 28 days to carry out the required work. The guidance accurately restates this statutory requirement.",COMPLETE,HAS_REPORTABLE_COMPARISON,3,1,2,bcand:bbe74ed3ca233831,The period for compliance stated in a notice requiring works is 28 days.,lex-e71fbbe3342ac0be,"The Water Resources (Control of Pollution) (Silage, Slurry and Agricultural Fuel Oil) (England) Regulations 2010",https://www.legislation.gov.uk/uksi/2010/639/contents/made,https://www.legislation.gov.uk/uksi/2010/639/regulation/7/4,,,regulation:7:paragraph:4:subparagraph:a
ssafo-nitrates,https://www.gov.uk/guidance/storing-silage-slurry-and-agricultural-fuel-oil,"Storing silage, slurry and agricultural fuel oil",3c951850-eaec-44ee-bb0c-52e4e53a66fb,susan-ef92f343b178a474-63,A farmer wishing to appeal against a notice must do so within 28 days from the day after the notice was served.,section:if-youre-served-a-notice,"If you disagree with the notice, you can appeal. You have 28 days from the day after the notice was served.",,,,,,,COMPLETE,ONLY_UNGROUNDED_CANDIDATES,2,0,2,,,,,,,,,
ssafo-nitrates,https://www.gov.uk/guidance/storing-silage-slurry-and-agricultural-fuel-oil,"Storing silage, slurry and agricultural fuel oil",3c951850-eaec-44ee-bb0c-52e4e53a66fb,susan-ef92f343b178a474-64,An appeal against a notice must be made in writing to the Secretary of State for the Environment and Rural Affairs.,section:if-youre-served-a-notice,Appeal in writing to the Secretary of State. | Your letter must explain why you're appealing.,,,,,,,COMPLETE,NO_CANDIDATES_FOUND,0,0,0,,,,,,,,,
ssafo-nitrates,https://www.gov.uk/guidance/storing-silage-slurry-and-agricultural-fuel-oil,"Storing silage, slurry and agricultural fuel oil",3c951850-eaec-44ee-bb0c-52e4e53a66fb,susan-ef92f343b178a474-65,"The rules for silage, slurry and agricultural fuel oil storage are based on the Water Resources (Control of Pollution) (Silage, Slurry and Agricultural Fuel Oil) (England) Regulations (SSAFO regulations).",section:legislation,"These rules are based on the Water Resources (Control of Pollution) (Silage, Slurry and Agricultural Fuel Oil) (England) Regulations – known as the SSAFO regulations – and related legislation.",,,,,,,COMPLETE,ONLY_UNGROUNDED_CANDIDATES,15,0,15,,,,,,,,,
ssafo-nitrates,https://www.gov.uk/guidance/storing-silage-slurry-and-agricultural-fuel-oil,"Storing silage, slurry and agricultural fuel oil",3c951850-eaec-44ee-bb0c-52e4e53a66fb,susan-ef92f343b178a474-7,A new or substantially changed store must be at least 10 metres clear of inland or coastal waters.,,"A new or substantially changed store must:
follow the specific rules for the substance you're storing
have an expected lifespan of at least 20 years with maintenance – any part of a silage effluent tank that's underground must last 20 years without maintenance
be at least 10 metres clear of inland or coastal waters – you may need a larger safety zone in some cases, for example near a water supply intake",m-e6ff49a6,GUIDANCE_INCOMPLETE,medium,0.696,,"The law requires that no part of the fuel storage area or its bund may be within 10 metres of inland freshwaters or coastal waters that fuel oil could enter if it escaped. The guidance states the store must be at least 10 metres clear, which broadly matches but omits the bund element and the qualifying condition ('that fuel oil could enter if it were to escape'), making it incomplete.",COMPLETE,HAS_REPORTABLE_COMPARISON,7,1,6,bcand:ad86e31a4b211ed2,No part of the fuel storage area or the bund enclosing it may be situated within 10 metres of any inland freshwaters or coastal waters that fuel oil could enter if it were to escape.,lex-e71fbbe3342ac0be,"The Water Resources (Control of Pollution) (Silage, Slurry and Agricultural Fuel Oil) (England) Regulations 2010",https://www.legislation.gov.uk/uksi/2010/639/contents/made,https://www.legislation.gov.uk/uksi/2010/639/schedule/3/paragraph/7,,,schedule:3:paragraph:7
ssafo-nitrates,https://www.gov.uk/guidance/storing-silage-slurry-and-agricultural-fuel-oil,"Storing silage, slurry and agricultural fuel oil",3c951850-eaec-44ee-bb0c-52e4e53a66fb,susan-ef92f343b178a474-8,"An installation built before March 1991, or where a construction contract was entered into before March 1991 and completed before September 1991, is exempt from the rules for new stores.",,"If your installation was built before March 1991, or a contract for construction was entered into before March 1991 and completed before September 1991, it's exempt from the rules for new stores. However, if you make substantial changes, for example structural changes, increasing capacity or relocating your store, it is no longer exempt.",,,,,,,COMPLETE,ONLY_UNGROUNDED_CANDIDATES,6,0,6,,,,,,,,,
ssafo-nitrates,https://www.gov.uk/guidance/storing-silage-slurry-and-agricultural-fuel-oil,"Storing silage, slurry and agricultural fuel oil",3c951850-eaec-44ee-bb0c-52e4e53a66fb,susan-ef92f343b178a474-9,"An installation built before March 1991 that is subject to substantial changes — for example structural changes, increasing capacity or relocating the store — is no longer exempt from the rules for new stores.",,"If your installation was built before March 1991, or a contract for construction was entered into before March 1991 and completed before September 1991, it's exempt from the rules for new stores. However, if you make substantial changes, for example structural changes, increasing capacity or relocating your store, it is no longer exempt.",m-e9451f70,GROUNDED,medium,0.6574,,"The exemption in Regulation 6(1)(c)(ii) is conditional on construction/substantial enlargement/reconstruction having been commenced before 1 March 1991 and completed before 1 September 1991. The guidance accurately conveys that undertaking substantial changes (structural changes, increasing capacity, relocating) to a pre-1991 installation removes the exemption, which is the direct legal consequence when those conditions cease to apply.",COMPLETE,HAS_REPORTABLE_COMPARISON,5,1,4,bcand:c278c203f901ce9d,"An exemption applies in relation to a structure on which construction, substantial enlargement or substantial reconstruction work was commenced before 1st March 1991, and the work was completed before 1st September 1991.",lex-e71fbbe3342ac0be,"The Water Resources (Control of Pollution) (Silage, Slurry and Agricultural Fuel Oil) (England) Regulations 2010",https://www.legislation.gov.uk/uksi/2010/639/contents/made,https://www.legislation.gov.uk/uksi/2010/639/regulation/6/1,,,regulation:6:paragraph:1:subparagraph:c:item:ii
ssafo-nitrates,https://www.gov.uk/guidance/using-nitrogen-fertilisers-in-nitrate-vulnerable-zones,Using nitrogen fertilisers in nitrate vulnerable zones,6496ddf5-fe38-43db-ac42-b13e95777e33,susan-b5cccee08ec65fb7-1,"A person who uses any manufactured fertilisers, manures or other materials that contain nitrogen on agricultural land in a nitrate vulnerable zone (NVZ) must follow the NVZ nitrogen fertiliser guidance.",section:intro,"You must follow this guidance if you use any manufactured fertilisers, manures or other materials that contain nitrogen on agricultural land in a nitrate vulnerable zone ( NVZ ).",,,,,,,COMPLETE,ONLY_UNGROUNDED_CANDIDATES,15,0,15,,,,,,,,,
ssafo-nitrates,https://www.gov.uk/guidance/using-nitrogen-fertilisers-in-nitrate-vulnerable-zones,Using nitrogen fertilisers in nitrate vulnerable zones,6496ddf5-fe38-43db-ac42-b13e95777e33,susan-b5cccee08ec65fb7-10,A land manager growing grass to achieve a protein content of at least 16% in the dried product may use nitrogen up to the level recommended in writing by a FACTS-qualified adviser.,,You can use nitrogen up to the level recommended in writing by a FACTS-qualified adviser if you're growing grass to achieve a protein content of at least 16% in the dried product.,m-f9d5066a,GROUNDED,high,0.7078,,"The surrounding guidance explicitly states the 700kg/ha irrigated and 500kg/ha non-irrigated absolute caps that were identified as missing, directly resolving the specific concern in the original verdict.",COMPLETE,HAS_REPORTABLE_COMPARISON,15,3,12,bcand:96df77c061b4b3c3,"The occupier of a holding may spread or permit the spreading of nitrogen in an amount advised by a FACTS adviser, even if that amount exceeds the amount otherwise permitted for grass under regulation 12, provided the occupier is acting on the written advice of a FACTS adviser and subject to paragraph (3).",lex-120b4f9c395b3f94,The Nitrate Pollution Prevention Regulations 2015,https://www.legislation.gov.uk/uksi/2015/668/contents/made,https://www.legislation.gov.uk/uksi/2015/668/regulation/13/2,,,regulation:13:paragraph:2
ssafo-nitrates,https://www.gov.uk/guidance/using-nitrogen-fertilisers-in-nitrate-vulnerable-zones,Using nitrogen fertilisers in nitrate vulnerable zones,6496ddf5-fe38-43db-ac42-b13e95777e33,susan-b5cccee08ec65fb7-10,A land manager growing grass to achieve a protein content of at least 16% in the dried product may use nitrogen up to the level recommended in writing by a FACTS-qualified adviser.,,You can use nitrogen up to the level recommended in writing by a FACTS-qualified adviser if you're growing grass to achieve a protein content of at least 16% in the dried product.,m-e70cde52,GUIDANCE_INCOMPLETE,high,0.6881,,"Regulation 13(3)(a) imposes an absolute ceiling of 700 kg/ha for irrigated grass, which the guidance does not mention. The guidance omits this constraint, making it incomplete relative to the full regulatory picture.",COMPLETE,HAS_REPORTABLE_COMPARISON,15,3,12,bcand:d3fe57e7cc30ab5c,The total amount of nitrogen which the occupier may spread on any given hectare must not exceed 700 kg if the grass is irrigated.,lex-120b4f9c395b3f94,The Nitrate Pollution Prevention Regulations 2015,https://www.legislation.gov.uk/uksi/2015/668/contents/made,https://www.legislation.gov.uk/uksi/2015/668/regulation/13/3,,,regulation:13:paragraph:3:subparagraph:a
ssafo-nitrates,https://www.gov.uk/guidance/using-nitrogen-fertilisers-in-nitrate-vulnerable-zones,Using nitrogen fertilisers in nitrate vulnerable zones,6496ddf5-fe38-43db-ac42-b13e95777e33,susan-b5cccee08ec65fb7-10,A land manager growing grass to achieve a protein content of at least 16% in the dried product may use nitrogen up to the level recommended in writing by a FACTS-qualified adviser.,,You can use nitrogen up to the level recommended in writing by a FACTS-qualified adviser if you're growing grass to achieve a protein content of at least 16% in the dried product.,m-df360fdf,GUIDANCE_INCOMPLETE,high,0.6778,,"Regulation 13(3)(b) imposes an absolute ceiling of 500 kg/ha for non-irrigated grass, which the guidance does not mention. Like 13(3)(a), the guidance omits this constraint.",COMPLETE,HAS_REPORTABLE_COMPARISON,15,3,12,bcand:eaa393f05c361c35,The total amount of nitrogen which the occupier may spread on any given hectare must not exceed 500 kg if the grass is not irrigated.,lex-120b4f9c395b3f94,The Nitrate Pollution Prevention Regulations 2015,https://www.legislation.gov.uk/uksi/2015/668/contents/made,https://www.legislation.gov.uk/uksi/2015/668/regulation/13/3,,,regulation:13:paragraph:3:subparagraph:b
ssafo-nitrates,https://www.gov.uk/guidance/using-nitrogen-fertilisers-in-nitrate-vulnerable-zones,Using nitrogen fertilisers in nitrate vulnerable zones,6496ddf5-fe38-43db-ac42-b13e95777e33,susan-b5cccee08ec65fb7-11,"If the land is irrigated, a land manager must not use more than 700kg of nitrogen per hectare.",section:how-much-nitrogen-you-can-apply-to-your-crops,"If the land is irrigated, you must not use more than 700kg of nitrogen per hectare.",m-1e9b629a,GROUNDED,high,0.7201,,"The law sets a 700kg nitrogen per hectare limit for irrigated land, which is precisely what the guidance states. The guidance simplifies slightly by saying 'land' rather than specifying grass, but the core regulatory proposition is accurately reflected.",COMPLETE,HAS_REPORTABLE_COMPARISON,7,1,6,bcand:d3fe57e7cc30ab5c,The total amount of nitrogen which the occupier may spread on any given hectare must not exceed 700 kg if the grass is irrigated.,lex-120b4f9c395b3f94,The Nitrate Pollution Prevention Regulations 2015,https://www.legislation.gov.uk/uksi/2015/668/contents/made,https://www.legislation.gov.uk/uksi/2015/668/regulation/13/3,,,regulation:13:paragraph:3:subparagraph:a
ssafo-nitrates,https://www.gov.uk/guidance/using-nitrogen-fertilisers-in-nitrate-vulnerable-zones,Using nitrogen fertilisers in nitrate vulnerable zones,6496ddf5-fe38-43db-ac42-b13e95777e33,susan-b5cccee08ec65fb7-12,"If the land is not irrigated, a land manager must not use more than 500kg of nitrogen per hectare.",,"If the land isn't irrigated, you must not use more than 500kg of nitrogen per hectare.",m-70b50716,GROUNDED,high,0.7198,,"The law clause sets a 500 kg/ha nitrogen ceiling for non-irrigated grass, which is exactly what the guidance states; the only minor discrepancy is 'land manager' vs 'occupier', but these are functionally equivalent in context.",COMPLETE,HAS_REPORTABLE_COMPARISON,8,1,7,bcand:eaa393f05c361c35,The total amount of nitrogen which the occupier may spread on any given hectare must not exceed 500 kg if the grass is not irrigated.,lex-120b4f9c395b3f94,The Nitrate Pollution Prevention Regulations 2015,https://www.legislation.gov.uk/uksi/2015/668/contents/made,https://www.legislation.gov.uk/uksi/2015/668/regulation/13/3,,,regulation:13:paragraph:3:subparagraph:b
ssafo-nitrates,https://www.gov.uk/guidance/using-nitrogen-fertilisers-in-nitrate-vulnerable-zones,Using nitrogen fertilisers in nitrate vulnerable zones,6496ddf5-fe38-43db-ac42-b13e95777e33,susan-b5cccee08ec65fb7-13,"In subsequent years, a land manager must sample irrigated or high-nitrogen fields between 1 September and 31 October for soil mineral nitrogen levels and give the results to their FACTS-qualified adviser.",section:how-much-nitrogen-you-can-apply-to-your-crops,"In subsequent years, you must sample these fields between 1 September and 31 October for soil mineral nitrogen levels and give your FACTS-qualified adviser the results.",m-0547f83a,GROUNDED,high,0.6849,,"Regulation 13(5) directly requires the occupier to provide a FACTS adviser with soil analyses from representative autumn soil samples for subsequent years, which aligns with the guidance requiring sampling of irrigated or high-nitrogen fields in September–October and providing results to a FACTS-qualified adviser.",COMPLETE,HAS_REPORTABLE_COMPARISON,15,1,14,bcand:39feb3c288ff4258,"After acting in reliance on regulation 13, the occupier must provide the FACTS adviser with soil analyses from representative autumn soil samples so that the adviser may take the analyses into account when advising for the purposes of paragraph (2) in relation to subsequent years.",lex-120b4f9c395b3f94,The Nitrate Pollution Prevention Regulations 2015,https://www.legislation.gov.uk/uksi/2015/668/contents/made,https://www.legislation.gov.uk/uksi/2015/668/regulation/13/5,,,regulation:13:paragraph:5
ssafo-nitrates,https://www.gov.uk/guidance/using-nitrogen-fertilisers-in-nitrate-vulnerable-zones,Using nitrogen fertilisers in nitrate vulnerable zones,6496ddf5-fe38-43db-ac42-b13e95777e33,susan-b5cccee08ec65fb7-14,A land manager may apply up to 170kg per hectare of nitrogen in livestock manure (including manure deposited directly by livestock and spreading) on their holding in each calendar year as a loading limit averaged across the holding.,,You can apply up to 170kg per hectare of nitrogen in livestock manure (including manure deposited directly by livestock and spreading) on your holding in each calendar year. This limit is the loading limit and applies as an average across your holding. It's separate from the field limit of 250kg per hectare from organic manures.,m-11b835bc,GROUNDED,high,0.8111,,The guidance accurately restates the statutory obligation in regulation 7(1): the 170 kg/ha ceiling on nitrogen from livestock manure (whether deposited directly or spread) applied to the holding as a whole in each calendar year. The guidance's phrase 'averaged across the holding' correctly captures the aggregate nature of the limit (total nitrogen ÷ hectares of holding).,COMPLETE,HAS_REPORTABLE_COMPARISON,2,1,1,bcand:44654d1fd1959fe9,"The occupier of a holding must ensure that, in any calendar year, the total amount of nitrogen in livestock manure applied to the holding (whether directly by an animal or by spreading) does not exceed 170 kg multiplied by the area of the holding in hectares.",lex-120b4f9c395b3f94,The Nitrate Pollution Prevention Regulations 2015,https://www.legislation.gov.uk/uksi/2015/668/contents/made,https://www.legislation.gov.uk/uksi/2015/668/regulation/7/1,,,regulation:7:paragraph:1
ssafo-nitrates,https://www.gov.uk/guidance/using-nitrogen-fertilisers-in-nitrate-vulnerable-zones,Using nitrogen fertilisers in nitrate vulnerable zones,6496ddf5-fe38-43db-ac42-b13e95777e33,susan-b5cccee08ec65fb7-15,"A land manager must not use more than 250kg of total nitrogen from all organic manures spread in any 12-month period on any single hectare of land (the field limit), not including livestock manures deposited by grazing animals.",,You must not use more than 250kg of total nitrogen from all organic manures spread in any 12 month period on any single hectare of your land. This limit (the field limit) doesn't include livestock manures deposited by grazing animals.,m-11ebadb6,GUIDANCE_BROADER,high,0.7727,,"The law states the 250kg/ha limit for organic manure nitrogen in any 12-month period, which the guidance accurately reflects. However, the guidance adds the explicit exclusion of nitrogen from livestock manures deposited by grazing animals, which is not stated in this clause (it may appear elsewhere in the regulation). This makes the guidance slightly broader/more specific than what this clause alone says, but does not contradict it.",COMPLETE,HAS_REPORTABLE_COMPARISON,3,1,2,bcand:e89bc41d40111b1b,"The occupier of a holding must ensure that in any twelve-month period, the total amount of nitrogen in organic manure spread on any given hectare of land on the holding does not exceed 250kg.",lex-120b4f9c395b3f94,The Nitrate Pollution Prevention Regulations 2015,https://www.legislation.gov.uk/uksi/2015/668/contents/made,https://www.legislation.gov.uk/uksi/2015/668/regulation/8/1,,,regulation:8:paragraph:1
ssafo-nitrates,https://www.gov.uk/guidance/using-nitrogen-fertilisers-in-nitrate-vulnerable-zones,Using nitrogen fertilisers in nitrate vulnerable zones,6496ddf5-fe38-43db-ac42-b13e95777e33,susan-b5cccee08ec65fb7-16,A land manager must use standard values to work out how much nitrogen is produced by livestock on or brought onto their farm.,section:how-much-organic-manure-you-can-use-farm-and-field-limits,You must use standard values to work out how much nitrogen is produced by the livestock on your farm or bought on to your farm.,,,,,,,COMPLETE,NO_CANDIDATES_FOUND,0,0,0,,,,,,,,,
ssafo-nitrates,https://www.gov.uk/guidance/using-nitrogen-fertilisers-in-nitrate-vulnerable-zones,Using nitrogen fertilisers in nitrate vulnerable zones,6496ddf5-fe38-43db-ac42-b13e95777e33,susan-b5cccee08ec65fb7-17,A land manager must plan their nitrogen use so that they do not exceed the livestock manure nitrogen loading limit.,,You must plan so that you don't exceed the limit.,m-0e717b54,GROUNDED,high,0.7395,,"The surrounding guidance explicitly states 'A land manager may apply up to 170kg per hectare of nitrogen in livestock manure (including manure deposited directly by livestock and spreading) on their holding in each calendar year as a loading limit averaged across the holding,' which provides the specific 170 kg/ha quantified limit and the calendar-year basis that the original verdict found missing",COMPLETE,HAS_REPORTABLE_COMPARISON,9,1,8,bcand:44654d1fd1959fe9,"The occupier of a holding must ensure that, in any calendar year, the total amount of nitrogen in livestock manure applied to the holding (whether directly by an animal or by spreading) does not exceed 170 kg multiplied by the area of the holding in hectares.",lex-120b4f9c395b3f94,The Nitrate Pollution Prevention Regulations 2015,https://www.legislation.gov.uk/uksi/2015/668/contents/made,https://www.legislation.gov.uk/uksi/2015/668/regulation/7/1,,,regulation:7:paragraph:1
ssafo-nitrates,https://www.gov.uk/guidance/using-nitrogen-fertilisers-in-nitrate-vulnerable-zones,Using nitrogen fertilisers in nitrate vulnerable zones,6496ddf5-fe38-43db-ac42-b13e95777e33,susan-b5cccee08ec65fb7-18,"If the only organic manure used is certified green or certified green/food compost, a land manager may apply up to 500kg of nitrogen per hectare every 2 years as mulch or worked into the ground.",section:how-much-organic-manure-you-can-use-farm-and-field-limits,up to 500kg of nitrogen per hectare every 2 years as mulch or worked into the ground,m-adcb3590,GROUNDED,high,0.7513,,"The law sets a 500kg nitrogen limit per hectare in any two-year period for green compost or green/food compost, whether spread as mulch or incorporated into the soil. The guidance accurately restates this same rule, including both application methods.",COMPLETE,HAS_REPORTABLE_COMPARISON,2,1,1,bcand:1e371b57abbd94fd,"Condition 2 requires that the total amount of nitrogen in the form of green compost or green/food compost spread on any given hectare of land on the holding does not exceed 500kg in any two-year period, whether spread as mulch or incorporated into the soil.",lex-120b4f9c395b3f94,The Nitrate Pollution Prevention Regulations 2015,https://www.legislation.gov.uk/uksi/2015/668/contents/made,https://www.legislation.gov.uk/uksi/2015/668/regulation/8/4,,,regulation:8:paragraph:4:subparagraph:a
ssafo-nitrates,https://www.gov.uk/guidance/using-nitrogen-fertilisers-in-nitrate-vulnerable-zones,Using nitrogen fertilisers in nitrate vulnerable zones,6496ddf5-fe38-43db-ac42-b13e95777e33,susan-b5cccee08ec65fb7-19,"If the only organic manure used is certified green or certified green/food compost, a land manager may apply up to 1,000kg of nitrogen per hectare every 4 years only as mulch and only in an orchard growing fruit of the genera Malus, Prunus or Pyrus.",section:how-much-organic-manure-you-can-use-farm-and-field-limits,"up to 1,000kg of nitrogen per hectare every 4 years (only as mulch and in an orchard growing fruit of the genera Malus, Prunus or Pyrus)",m-e804fbb9,GUIDANCE_BROADER,medium,0.7672,,"The law sets a 1,000kg nitrogen/hectare/four-year ceiling for green or green/food compost spread as mulch on orchard land, which the guidance accurately reflects. However, the guidance adds the restriction that the orchard must be growing fruit of the genera Malus, Prunus, or Pyrus, which is a narrower/higher-bar condition not stated in this candidate clause — making the guidance broader (more restrictive) than what this clause alone specifies.",COMPLETE,HAS_REPORTABLE_COMPARISON,2,1,1,bcand:b4fd9e8353dc73a8,"In the case of orchard land, Condition 2 requires that the total amount of nitrogen in the form of green compost or green/food compost spread on any given hectare does not exceed 1,000kg in any four-year period, provided it is spread as mulch.",lex-120b4f9c395b3f94,The Nitrate Pollution Prevention Regulations 2015,https://www.legislation.gov.uk/uksi/2015/668/contents/made,https://www.legislation.gov.uk/uksi/2015/668/regulation/8/4,,,regulation:8:paragraph:4:subparagraph:b
ssafo-nitrates,https://www.gov.uk/guidance/using-nitrogen-fertilisers-in-nitrate-vulnerable-zones,Using nitrogen fertilisers in nitrate vulnerable zones,6496ddf5-fe38-43db-ac42-b13e95777e33,susan-b5cccee08ec65fb7-2,"A person who produces or imports livestock manures must also follow the guidance on storing organic manures in NVZs and storing silage, slurry and agricultural fuel oil.",section:intro,"You must also follow the guidance on storing organic manures in NVZs and storing silage, slurry and agricultural fuel oil if you produce or import livestock manures.",m-8c7eb4a6,GUIDANCE_INCOMPLETE,medium,0.7082,,"Regulation 23(1)(c) is one of the storage obligations the guidance points toward, but the guidance only cross-references storage guidance by direction rather than restating the specific impermeable surface requirement, and it bundles multiple regulatory requirements (silage, slurry, agricultural fuel oil) beyond this single clause.",COMPLETE,HAS_REPORTABLE_COMPARISON,15,1,14,bcand:00368cd678597285,"The occupier of a holding must not store organic manure (other than slurry), or bedding contaminated with organic manure, except on an impermeable surface.",lex-120b4f9c395b3f94,The Nitrate Pollution Prevention Regulations 2015,https://www.legislation.gov.uk/uksi/2015/668/contents/made,https://www.legislation.gov.uk/uksi/2015/668/regulation/23/1,,,regulation:23:paragraph:1:subparagraph:c
ssafo-nitrates,https://www.gov.uk/guidance/using-nitrogen-fertilisers-in-nitrate-vulnerable-zones,Using nitrogen fertilisers in nitrate vulnerable zones,6496ddf5-fe38-43db-ac42-b13e95777e33,susan-b5cccee08ec65fb7-20,The compost used under the certified green/green-food compost exemption must not contain livestock manure and must be produced to the PAS100 protocol.,section:how-much-organic-manure-you-can-use-farm-and-field-limits,The compost that you use must not contain livestock manure and must be produced to the PAS100 protocol.,,,,,,,COMPLETE,ONLY_UNGROUNDED_CANDIDATES,2,0,2,,,,,,,,,
ssafo-nitrates,https://www.gov.uk/guidance/using-nitrogen-fertilisers-in-nitrate-vulnerable-zones,Using nitrogen fertilisers in nitrate vulnerable zones,6496ddf5-fe38-43db-ac42-b13e95777e33,susan-b5cccee08ec65fb7-21,"A land manager must plan all applications of nitrogen on each crop in each field (including grass), and must keep the fertilisation plan as part of farm records.",section:plan-your-nitrogen-use,You must plan all your applications of nitrogen on each crop in each field (including grass). This is your fertilisation plan. You must keep it as part of your farm records.,m-96f774b9,GROUNDED,medium,0.7025,,"This provision establishes that a plan for spreading nitrogen fertiliser must identify each field by reference or name, directly supporting the guidance's statement that all applications must be planned on each field. It is the closest single anchor to the general planning obligation.",COMPLETE,HAS_REPORTABLE_COMPARISON,15,9,6,bcand:4b7aa4105a13e94e,A plan for the spreading of nitrogen fertiliser must include the reference or name of the relevant field.,lex-120b4f9c395b3f94,The Nitrate Pollution Prevention Regulations 2015,https://www.legislation.gov.uk/uksi/2015/668/contents/made,https://www.legislation.gov.uk/uksi/2015/668/regulation/10/5,,,regulation:10:paragraph:5:subparagraph:a
ssafo-nitrates,https://www.gov.uk/guidance/using-nitrogen-fertilisers-in-nitrate-vulnerable-zones,Using nitrogen fertilisers in nitrate vulnerable zones,6496ddf5-fe38-43db-ac42-b13e95777e33,susan-b5cccee08ec65fb7-21,"A land manager must plan all applications of nitrogen on each crop in each field (including grass), and must keep the fertilisation plan as part of farm records.",section:plan-your-nitrogen-use,You must plan all your applications of nitrogen on each crop in each field (including grass). This is your fertilisation plan. You must keep it as part of your farm records.,m-38887060,GUIDANCE_INCOMPLETE,medium,0.7246,,"This provision specifies a detailed content requirement for the fertilisation plan (recording expected planting month), which the guidance does not mention. The guidance only states the general obligation to plan and keep records, omitting this specific element required by law.",COMPLETE,HAS_REPORTABLE_COMPARISON,15,9,6,bcand:cce8e7a09da3a9b0,A plan for the spreading of nitrogen fertiliser must record the month in which it is expected that the crop will be planted.,lex-120b4f9c395b3f94,The Nitrate Pollution Prevention Regulations 2015,https://www.legislation.gov.uk/uksi/2015/668/contents/made,https://www.legislation.gov.uk/uksi/2015/668/regulation/10/6,,,regulation:10:paragraph:6:subparagraph:d
ssafo-nitrates,https://www.gov.uk/guidance/using-nitrogen-fertilisers-in-nitrate-vulnerable-zones,Using nitrogen fertilisers in nitrate vulnerable zones,6496ddf5-fe38-43db-ac42-b13e95777e33,susan-b5cccee08ec65fb7-21,"A land manager must plan all applications of nitrogen on each crop in each field (including grass), and must keep the fertilisation plan as part of farm records.",section:plan-your-nitrogen-use,You must plan all your applications of nitrogen on each crop in each field (including grass). This is your fertilisation plan. You must keep it as part of your farm records.,m-f77f3df9,GUIDANCE_INCOMPLETE,medium,0.7133,,"This provision sets specific content requirements for the fertilisation plan (sketch plan of field locations, nature of fertiliser) that the guidance does not mention. The guidance captures the general obligation but omits these mandated specifics.",COMPLETE,HAS_REPORTABLE_COMPARISON,15,9,6,bcand:dbb884c5fab18850,"The fertilisation plan for the holding must include a sketch plan indicating the location of the fields to which the plan relates, and must clearly state in relation to any field referred to in the plan the nature of the fertilizer to be used.",lex-120b4f9c395b3f94,The Nitrate Pollution Prevention Regulations 2015,https://www.legislation.gov.uk/uksi/2015/668/contents/made,https://www.legislation.gov.uk/uksi/2015/668/schedule/3/paragraph/4,,,schedule:3:paragraph:4:subparagraph:1:items:a-b
ssafo-nitrates,https://www.gov.uk/guidance/using-nitrogen-fertilisers-in-nitrate-vulnerable-zones,Using nitrogen fertilisers in nitrate vulnerable zones,6496ddf5-fe38-43db-ac42-b13e95777e33,susan-b5cccee08ec65fb7-21,"A land manager must plan all applications of nitrogen on each crop in each field (including grass), and must keep the fertilisation plan as part of farm records.",section:plan-your-nitrogen-use,You must plan all your applications of nitrogen on each crop in each field (including grass). This is your fertilisation plan. You must keep it as part of your farm records.,m-d050475c,GUIDANCE_INCOMPLETE,medium,0.7133,,Identical to the previous candidate — specific content requirements for the fertilisation plan not reflected in the guidance. The guidance is incomplete relative to this provision.,COMPLETE,HAS_REPORTABLE_COMPARISON,15,9,6,bcand:edf175d3f31a8349,"The fertilisation plan for the holding must include a sketch plan indicating the location of the fields to which the plan relates, and must clearly state in relation to any field referred to in the plan the nature of the fertilizer to be used.",lex-120b4f9c395b3f94,The Nitrate Pollution Prevention Regulations 2015,https://www.legislation.gov.uk/uksi/2015/668/contents/made,https://www.legislation.gov.uk/uksi/2015/668/schedule/3/paragraph/4,,,schedule:3:paragraph:4:subparagraph:1:items:a-b
ssafo-nitrates,https://www.gov.uk/guidance/using-nitrogen-fertilisers-in-nitrate-vulnerable-zones,Using nitrogen fertilisers in nitrate vulnerable zones,6496ddf5-fe38-43db-ac42-b13e95777e33,susan-b5cccee08ec65fb7-21,"A land manager must plan all applications of nitrogen on each crop in each field (including grass), and must keep the fertilisation plan as part of farm records.",section:plan-your-nitrogen-use,You must plan all your applications of nitrogen on each crop in each field (including grass). This is your fertilisation plan. You must keep it as part of your farm records.,m-31b308bb,GUIDANCE_INCOMPLETE,medium,0.7069,,"This provision requires the plan to include expected yield for arable land, a specific content element the guidance does not mention. The guidance omits this required detail.",COMPLETE,HAS_REPORTABLE_COMPARISON,15,9,6,bcand:2cc5d1b3a35b1f99,"When planning the spreading of nitrogen fertiliser on arable land, the plan must include the expected yield.",lex-120b4f9c395b3f94,The Nitrate Pollution Prevention Regulations 2015,https://www.legislation.gov.uk/uksi/2015/668/contents/made,https://www.legislation.gov.uk/uksi/2015/668/regulation/10/6,,,regulation:10:paragraph:6:subparagraph:e
ssafo-nitrates,https://www.gov.uk/guidance/using-nitrogen-fertilisers-in-nitrate-vulnerable-zones,Using nitrogen fertilisers in nitrate vulnerable zones,6496ddf5-fe38-43db-ac42-b13e95777e33,susan-b5cccee08ec65fb7-21,"A land manager must plan all applications of nitrogen on each crop in each field (including grass), and must keep the fertilisation plan as part of farm records.",section:plan-your-nitrogen-use,You must plan all your applications of nitrogen on each crop in each field (including grass). This is your fertilisation plan. You must keep it as part of your farm records.,m-f3c50486,GUIDANCE_INCOMPLETE,medium,0.7059,,"This provision requires the plan to include the area of the field planted or intended to be planted, a specific content element the guidance does not mention. The guidance omits this mandated detail.",COMPLETE,HAS_REPORTABLE_COMPARISON,15,9,6,bcand:0f278bcc9d64fcd3,"When planning the spreading of nitrogen fertiliser, the plan must include the area of the field planted or intended to be planted.",lex-120b4f9c395b3f94,The Nitrate Pollution Prevention Regulations 2015,https://www.legislation.gov.uk/uksi/2015/668/contents/made,https://www.legislation.gov.uk/uksi/2015/668/regulation/10/5,,,regulation:10:paragraph:5:subparagraph:b
ssafo-nitrates,https://www.gov.uk/guidance/using-nitrogen-fertilisers-in-nitrate-vulnerable-zones,Using nitrogen fertilisers in nitrate vulnerable zones,6496ddf5-fe38-43db-ac42-b13e95777e33,susan-b5cccee08ec65fb7-21,"A land manager must plan all applications of nitrogen on each crop in each field (including grass), and must keep the fertilisation plan as part of farm records.",section:plan-your-nitrogen-use,You must plan all your applications of nitrogen on each crop in each field (including grass). This is your fertilisation plan. You must keep it as part of your farm records.,m-5b37fc18,GUIDANCE_INCOMPLETE,medium,0.7029,,"This provision requires the farmer to take into account the optimum nitrogen amount when planning, a substantive planning requirement not mentioned in the guidance. The guidance omits this element.",COMPLETE,HAS_REPORTABLE_COMPARISON,15,9,6,bcand:1bb6b721cd8a6d40,"When planning the spreading of nitrogen fertiliser, a farmer must take into account the optimum amount of nitrogen that should be spread on the crop, having regard to the amount of nitrogen calculated under paragraph (1)(a).",lex-120b4f9c395b3f94,The Nitrate Pollution Prevention Regulations 2015,https://www.legislation.gov.uk/uksi/2015/668/contents/made,https://www.legislation.gov.uk/uksi/2015/668/regulation/10/6,,,regulation:10:paragraph:6:subparagraph:f
ssafo-nitrates,https://www.gov.uk/guidance/using-nitrogen-fertilisers-in-nitrate-vulnerable-zones,Using nitrogen fertilisers in nitrate vulnerable zones,6496ddf5-fe38-43db-ac42-b13e95777e33,susan-b5cccee08ec65fb7-21,"A land manager must plan all applications of nitrogen on each crop in each field (including grass), and must keep the fertilisation plan as part of farm records.",section:plan-your-nitrogen-use,You must plan all your applications of nitrogen on each crop in each field (including grass). This is your fertilisation plan. You must keep it as part of your farm records.,m-7a6a7d63,GUIDANCE_INCOMPLETE,medium,0.7004,,"This provision requires the fertilisation plan to record soil type for each relevant area, a content requirement the guidance does not mention. The guidance omits this mandated detail.",COMPLETE,HAS_REPORTABLE_COMPARISON,15,9,6,bcand:07c6b3661f6fd903,The fertilisation plan must record the soil type in relation to the area planted or intended to be planted.,lex-120b4f9c395b3f94,The Nitrate Pollution Prevention Regulations 2015,https://www.legislation.gov.uk/uksi/2015/668/contents/made,https://www.legislation.gov.uk/uksi/2015/668/regulation/10/6,,,regulation:10:paragraph:6:subparagraph:a
ssafo-nitrates,https://www.gov.uk/guidance/using-nitrogen-fertilisers-in-nitrate-vulnerable-zones,Using nitrogen fertilisers in nitrate vulnerable zones,6496ddf5-fe38-43db-ac42-b13e95777e33,susan-b5cccee08ec65fb7-21,"A land manager must plan all applications of nitrogen on each crop in each field (including grass), and must keep the fertilisation plan as part of farm records.",section:plan-your-nitrogen-use,You must plan all your applications of nitrogen on each crop in each field (including grass). This is your fertilisation plan. You must keep it as part of your farm records.,m-f8c2edc4,GUIDANCE_INCOMPLETE,medium,0.7004,,This provision specifies content requirements for the fertilisation plan (nature of fertiliser) that the guidance does not include. The guidance captures the general obligation but omits these specifics.,COMPLETE,HAS_REPORTABLE_COMPARISON,15,9,6,bcand:af60dbbae689bec5,The fertilisation plan for the holding must— clearly state in relation to any field referred to in the plan the nature of the fertilizer to be used. (2) The fertilisation plan must record—,lex-120b4f9c395b3f94,The Nitrate Pollution Prevention Regulations 2015,https://www.legislation.gov.uk/uksi/2015/668/contents/made,https://www.legislation.gov.uk/uksi/2015/668/schedule/3/paragraph/4,,,schedule:3:paragraph:4:subparagraph:b
ssafo-nitrates,https://www.gov.uk/guidance/using-nitrogen-fertilisers-in-nitrate-vulnerable-zones,Using nitrogen fertilisers in nitrate vulnerable zones,6496ddf5-fe38-43db-ac42-b13e95777e33,susan-b5cccee08ec65fb7-22,"Before applying nitrogen for the first time in a field where a crop is to be or has been planted, a land manager must calculate the amount of nitrogen in the soil likely to be available for the crop during the growing season.",,Calculate the amount of nitrogen in the soil that's likely to be available for the crop to use during the growing season.,m-ad6ad5d2,GROUNDED,high,0.7191,,"This provision directly requires calculating the amount of nitrogen in the soil likely to be available for crop uptake during the growing season when planning nitrogen fertiliser spreading, accurately reflecting the substance of the guidance.",COMPLETE,HAS_REPORTABLE_COMPARISON,9,2,7,bcand:11d04152ed7b1ffe,"When planning the spreading of nitrogen fertiliser, a person must calculate the amount of nitrogen in the soil that is likely to be available for uptake by the crop concerned during the growing season.",lex-120b4f9c395b3f94,The Nitrate Pollution Prevention Regulations 2015,https://www.legislation.gov.uk/uksi/2015/668/contents/made,https://www.legislation.gov.uk/uksi/2015/668/regulation/10/1,,,regulation:10:paragraph:1:subparagraph:a
ssafo-nitrates,https://www.gov.uk/guidance/using-nitrogen-fertilisers-in-nitrate-vulnerable-zones,Using nitrogen fertilisers in nitrate vulnerable zones,6496ddf5-fe38-43db-ac42-b13e95777e33,susan-b5cccee08ec65fb7-22,"Before applying nitrogen for the first time in a field where a crop is to be or has been planted, a land manager must calculate the amount of nitrogen in the soil likely to be available for the crop during the growing season.",,Calculate the amount of nitrogen in the soil that's likely to be available for the crop to use during the growing season.,m-744a28f7,GROUNDED,medium,0.7073,,"This provision specifies the timing trigger — the duty under paragraph (1) (which includes the soil nitrogen calculation) must be complied with before spreading nitrogen fertiliser for the first time for a crop planted or intended to be planted, which aligns with the guidance's 'before applying nitrogen for the first time in a field where a crop is to be or has been planted' formulation. It supports the guidance but is a timing/procedural amplifier rather than the primary obligation.",COMPLETE,HAS_REPORTABLE_COMPARISON,9,2,7,bcand:234d4c5b8f67998f,"In the case of any crop other than those covered by regulation 10(1)'s primary timing rule, the occupier must comply with the duty under paragraph (1) before spreading any nitrogen fertiliser for the first time for the purpose of fertilising a crop planted or intended to be planted.",lex-120b4f9c395b3f94,The Nitrate Pollution Prevention Regulations 2015,https://www.legislation.gov.uk/uksi/2015/668/contents/made,https://www.legislation.gov.uk/uksi/2015/668/regulation/10/3,,,regulation:10:paragraph:3
ssafo-nitrates,https://www.gov.uk/guidance/using-nitrogen-fertilisers-in-nitrate-vulnerable-zones,Using nitrogen fertilisers in nitrate vulnerable zones,6496ddf5-fe38-43db-ac42-b13e95777e33,susan-b5cccee08ec65fb7-23,"Before applying nitrogen for the first time in a field where a crop is to be or has been planted, a land manager must calculate the optimum amount of nitrogen that should be applied to the crop, taking into account the amount of nitrogen already available in the soil.",section:plan-your-nitrogen-use,"Calculate the optimum amount of nitrogen that should be applied to the crop, taking into account the amount of nitrogen already available in the soil.",m-2371533a,GROUNDED,high,0.7139,,"Regulation 10(1)(b) imposes the obligation to calculate the optimum amount of nitrogen that should be spread on the crop, taking into account nitrogen already in the soil (calculated under sub-paragraph (a)), which is the substantive duty the guidance describes.",COMPLETE,HAS_REPORTABLE_COMPARISON,5,2,3,bcand:7dd878b3f9ba0440,"When planning the spreading of nitrogen fertiliser, a person must calculate the optimum amount of nitrogen that should be spread on the crop, taking into account the amount of nitrogen calculated under sub-paragraph (a).",lex-120b4f9c395b3f94,The Nitrate Pollution Prevention Regulations 2015,https://www.legislation.gov.uk/uksi/2015/668/contents/made,https://www.legislation.gov.uk/uksi/2015/668/regulation/10/1,,,regulation:10:paragraph:1:subparagraph:b
ssafo-nitrates,https://www.gov.uk/guidance/using-nitrogen-fertilisers-in-nitrate-vulnerable-zones,Using nitrogen fertilisers in nitrate vulnerable zones,6496ddf5-fe38-43db-ac42-b13e95777e33,susan-b5cccee08ec65fb7-23,"Before applying nitrogen for the first time in a field where a crop is to be or has been planted, a land manager must calculate the optimum amount of nitrogen that should be applied to the crop, taking into account the amount of nitrogen already available in the soil.",section:plan-your-nitrogen-use,"Calculate the optimum amount of nitrogen that should be applied to the crop, taking into account the amount of nitrogen already available in the soil.",m-c11d2f98,GROUNDED,high,0.7047,,"Regulation 10(3) establishes the timing rule that the calculation duty must be fulfilled before spreading nitrogen fertiliser for the first time for a crop planted or intended to be planted, directly mirroring the 'before applying for the first time' framing in the guidance.",COMPLETE,HAS_REPORTABLE_COMPARISON,5,2,3,bcand:234d4c5b8f67998f,"In the case of any crop other than those covered by regulation 10(1)'s primary timing rule, the occupier must comply with the duty under paragraph (1) before spreading any nitrogen fertiliser for the first time for the purpose of fertilising a crop planted or intended to be planted.",lex-120b4f9c395b3f94,The Nitrate Pollution Prevention Regulations 2015,https://www.legislation.gov.uk/uksi/2015/668/contents/made,https://www.legislation.gov.uk/uksi/2015/668/regulation/10/3,,,regulation:10:paragraph:3
ssafo-nitrates,https://www.gov.uk/guidance/using-nitrogen-fertilisers-in-nitrate-vulnerable-zones,Using nitrogen fertilisers in nitrate vulnerable zones,6496ddf5-fe38-43db-ac42-b13e95777e33,susan-b5cccee08ec65fb7-24,"Before applying nitrogen for the first time in a field, a land manager must calculate the amount of nitrogen from any planned applications of organic manure that is likely to be available to the crop in the growing season in which it is spread.",,Calculate the amount of nitrogen from any planned applications of organic manure that's likely to be available to the crop in the growing season in which you spread it.,m-2893c892,GROUNDED,high,0.773,,Neighbouring propositions requiring calculations 'before applying livestock manure' (each occasion) and 'before applying any organic manure' resolve the specific concern that the guidance was limited only to the first application.,COMPLETE,HAS_REPORTABLE_COMPARISON,1,1,0,bcand:9b870d528b580363,"Before spreading organic manure, the occupier of a holding must on each occasion calculate the amount of nitrogen that is likely to be available from that manure for crop uptake in the growing season in which it is spread.",lex-120b4f9c395b3f94,The Nitrate Pollution Prevention Regulations 2015,https://www.legislation.gov.uk/uksi/2015/668/contents/made,https://www.legislation.gov.uk/uksi/2015/668/regulation/11/1,,,regulation:11:paragraph:1
ssafo-nitrates,https://www.gov.uk/guidance/using-nitrogen-fertilisers-in-nitrate-vulnerable-zones,Using nitrogen fertilisers in nitrate vulnerable zones,6496ddf5-fe38-43db-ac42-b13e95777e33,susan-b5cccee08ec65fb7-25,"Before applying nitrogen for the first time in a field, a land manager must calculate the amount of manufactured nitrogen fertiliser needed.",section:plan-your-nitrogen-use,Calculate the amount of manufactured nitrogen fertiliser you need.,m-7a93246b,GUIDANCE_BROADER,medium,0.7386,,"The law requires recording the amount required before spreading manufactured nitrogen fertiliser on each occasion; the guidance restricts this to 'the first time in a field' and uses 'calculate' rather than 'record'. The guidance is narrower in timing scope (first time only) than the law's on-each-occasion requirement, so it falls short of the law's full extent, but it does not positively contradict it — making it GUIDANCE_INCOMPLETE rather than CONFLICTS. However, treating 'first time in a fiel",COMPLETE,HAS_REPORTABLE_COMPARISON,15,1,14,bcand:dce960e87a56110a,"Before spreading manufactured nitrogen fertiliser, the occupier of a holding must record the amount required.",lex-120b4f9c395b3f94,The Nitrate Pollution Prevention Regulations 2015,https://www.legislation.gov.uk/uksi/2015/668/contents/made,https://www.legislation.gov.uk/uksi/2015/668/regulation/11/3,,,regulation:11:paragraph:3:subparagraph:a
ssafo-nitrates,https://www.gov.uk/guidance/using-nitrogen-fertilisers-in-nitrate-vulnerable-zones,Using nitrogen fertilisers in nitrate vulnerable zones,6496ddf5-fe38-43db-ac42-b13e95777e33,susan-b5cccee08ec65fb7-26,"In subsequent growing seasons, before applying nitrogen to any crop or land where a crop is to be planted (including grass), a land manager must repeat the soil nitrogen supply and optimum nitrogen application calculations and prepare a plan for fertiliser use for that growing season.",,"In subsequent growing seasons, before you apply nitrogen to any crop or land where you're going to plant a crop (including grass) you must:
repeat steps 1 and 2
prepare a plan for your fertiliser use for that growing season",m-052d6d49,GROUNDED,medium,0.7331,,"Regulation 10(2) requires the occupier to plan nitrogen fertiliser spreading for permanent grassland each calendar year before the first spreading, which supports the guidance's requirement to repeat the plan for grass in subsequent growing seasons. However, this only covers grassland and not all crops mentioned in the guidance.",COMPLETE,HAS_REPORTABLE_COMPARISON,7,2,5,bcand:20f9666fd8f4051d,"In the case of permanent grassland, the occupier must comply with the duty to plan the spreading of nitrogen fertiliser each calendar year before the first spreading of nitrogen fertiliser.",lex-120b4f9c395b3f94,The Nitrate Pollution Prevention Regulations 2015,https://www.legislation.gov.uk/uksi/2015/668/contents/made,https://www.legislation.gov.uk/uksi/2015/668/regulation/10/2,,,regulation:10:paragraph:2
ssafo-nitrates,https://www.gov.uk/guidance/using-nitrogen-fertilisers-in-nitrate-vulnerable-zones,Using nitrogen fertilisers in nitrate vulnerable zones,6496ddf5-fe38-43db-ac42-b13e95777e33,susan-b5cccee08ec65fb7-26,"In subsequent growing seasons, before applying nitrogen to any crop or land where a crop is to be planted (including grass), a land manager must repeat the soil nitrogen supply and optimum nitrogen application calculations and prepare a plan for fertiliser use for that growing season.",,"In subsequent growing seasons, before you apply nitrogen to any crop or land where you're going to plant a crop (including grass) you must:
repeat steps 1 and 2
prepare a plan for your fertiliser use for that growing season",m-ac62ae00,GUIDANCE_BROADER,medium,0.7475,,"Regulation 10(3) sets the duty to plan nitrogen fertiliser spreading before first application for crops not covered by the primary rule, which partially matches the guidance. However, the guidance adds the requirement to 'repeat' soil nitrogen supply and optimum nitrogen calculations each growing season, which goes beyond what the text of this provision explicitly states, making the guidance broader than this floor provision.",COMPLETE,HAS_REPORTABLE_COMPARISON,7,2,5,bcand:234d4c5b8f67998f,"In the case of any crop other than those covered by regulation 10(1)'s primary timing rule, the occupier must comply with the duty under paragraph (1) before spreading any nitrogen fertiliser for the first time for the purpose of fertilising a crop planted or intended to be planted.",lex-120b4f9c395b3f94,The Nitrate Pollution Prevention Regulations 2015,https://www.legislation.gov.uk/uksi/2015/668/contents/made,https://www.legislation.gov.uk/uksi/2015/668/regulation/10/3,,,regulation:10:paragraph:3
ssafo-nitrates,https://www.gov.uk/guidance/using-nitrogen-fertilisers-in-nitrate-vulnerable-zones,Using nitrogen fertilisers in nitrate vulnerable zones,6496ddf5-fe38-43db-ac42-b13e95777e33,susan-b5cccee08ec65fb7-27,"Before applying livestock manure, a land manager must calculate the total amount of nitrogen in the manure, using standard values or results from sampling and analysis.",,"Before you apply livestock manure, you must calculate the:
total amount of nitrogen in the manure, using standard values or results from sampling and analysis
amount of crop-available nitrogen in the manure",m-838306e6,GROUNDED,high,0.7669,,"Regulation 14(2) requires nitrogen content of livestock manure to be calculated using either standard table values (Part 1, Schedule 2) or sampling and analysis (Part 2, Schedule 2), which directly matches the guidance's description of using 'standard values or results from sampling and analysis'.",COMPLETE,HAS_REPORTABLE_COMPARISON,9,1,8,bcand:a529106c873c6652,"In relation to livestock manure, the nitrogen content must be calculated either by using the standard table in Part 1 of Schedule 2 or by sampling and analysis in accordance with Part 2 of that Schedule.",lex-120b4f9c395b3f94,The Nitrate Pollution Prevention Regulations 2015,https://www.legislation.gov.uk/uksi/2015/668/contents/made,https://www.legislation.gov.uk/uksi/2015/668/regulation/14/2,,,regulation:14:paragraph:2
ssafo-nitrates,https://www.gov.uk/guidance/using-nitrogen-fertilisers-in-nitrate-vulnerable-zones,Using nitrogen fertilisers in nitrate vulnerable zones,6496ddf5-fe38-43db-ac42-b13e95777e33,susan-b5cccee08ec65fb7-28,"Before applying livestock manure, a land manager must calculate the amount of crop-available nitrogen in the manure.",,"Before you apply livestock manure, you must calculate the:
total amount of nitrogen in the manure, using standard values or results from sampling and analysis
amount of crop-available nitrogen in the manure",m-c1236acc,GROUNDED,high,0.747,,"This regulation directly requires the occupier to calculate, before each spreading occasion, the amount of nitrogen likely to be available for crop uptake — precisely what the guidance states. The guidance accurately reflects this obligation.",COMPLETE,HAS_REPORTABLE_COMPARISON,14,1,13,bcand:9b870d528b580363,"Before spreading organic manure, the occupier of a holding must on each occasion calculate the amount of nitrogen that is likely to be available from that manure for crop uptake in the growing season in which it is spread.",lex-120b4f9c395b3f94,The Nitrate Pollution Prevention Regulations 2015,https://www.legislation.gov.uk/uksi/2015/668/contents/made,https://www.legislation.gov.uk/uksi/2015/668/regulation/11/1,,,regulation:11:paragraph:1
ssafo-nitrates,https://www.gov.uk/guidance/using-nitrogen-fertilisers-in-nitrate-vulnerable-zones,Using nitrogen fertilisers in nitrate vulnerable zones,6496ddf5-fe38-43db-ac42-b13e95777e33,susan-b5cccee08ec65fb7-29,A land manager must not spread any organic manure on crops with an N-max limit unless they have used an approved method to work out the crop-available nitrogen in the manure before applying it.,section:plan-your-nitrogen-use,You must not spread any organic manure unless you have used one of these methods to work out the crop-available nitrogen in the manure before applying it to crops that have an N-max limit.,m-9c643228,GUIDANCE_BROADER,high,0.7206,,"Regulation 11(1) requires calculation of crop-available nitrogen before each spreading occasion, but does not restrict this obligation to crops with an N-max limit nor require use of an 'approved method' — the guidance narrows the trigger to N-max crops and adds the 'approved method' requirement, both of which go beyond the statutory text.",COMPLETE,HAS_REPORTABLE_COMPARISON,10,1,9,bcand:9b870d528b580363,"Before spreading organic manure, the occupier of a holding must on each occasion calculate the amount of nitrogen that is likely to be available from that manure for crop uptake in the growing season in which it is spread.",lex-120b4f9c395b3f94,The Nitrate Pollution Prevention Regulations 2015,https://www.legislation.gov.uk/uksi/2015/668/contents/made,https://www.legislation.gov.uk/uksi/2015/668/regulation/11/1,,,regulation:11:paragraph:1
ssafo-nitrates,https://www.gov.uk/guidance/using-nitrogen-fertilisers-in-nitrate-vulnerable-zones,Using nitrogen fertilisers in nitrate vulnerable zones,6496ddf5-fe38-43db-ac42-b13e95777e33,susan-b5cccee08ec65fb7-3,"There is a limit on the average amount of manufactured fertiliser and crop-available nitrogen from organic manure that can be applied to most crops each year, known as the N-max limit.",,There's a limit on the average amount of manufactured fertiliser and crop-available nitrogen from organic manure that you can apply to most crops each year - this is known as the N-max limit.,,,,,,,COMPLETE,ONLY_UNGROUNDED_CANDIDATES,11,0,11,,,,,,,,,
ssafo-nitrates,https://www.gov.uk/guidance/using-nitrogen-fertilisers-in-nitrate-vulnerable-zones,Using nitrogen fertilisers in nitrate vulnerable zones,6496ddf5-fe38-43db-ac42-b13e95777e33,susan-b5cccee08ec65fb7-30,It is an offence to allow fertiliser or organic manure to enter surface water such as rivers or ponds.,,It's an offence to allow fertiliser or organic manure to enter surface water (such as rivers or ponds).,m-d28b98e4,GUIDANCE_BROADER,medium,0.7532,,"This provision prohibits spreading organic manure directly onto surface water, which partially supports the guidance, but the guidance also covers nitrogen fertiliser and frames the rule as a general 'allowing entry' offence rather than the specific act of spreading — making the guidance broader in scope.",COMPLETE,HAS_REPORTABLE_COMPARISON,13,2,11,bcand:cb3bd4b20046dc94,Organic manure must not be spread directly on to surface water.,lex-120b4f9c395b3f94,The Nitrate Pollution Prevention Regulations 2015,https://www.legislation.gov.uk/uksi/2015/668/contents/made,https://www.legislation.gov.uk/uksi/2015/668/regulation/17/2,,,regulation:17:paragraph:2:subparagraph:c
ssafo-nitrates,https://www.gov.uk/guidance/using-nitrogen-fertilisers-in-nitrate-vulnerable-zones,Using nitrogen fertilisers in nitrate vulnerable zones,6496ddf5-fe38-43db-ac42-b13e95777e33,susan-b5cccee08ec65fb7-30,It is an offence to allow fertiliser or organic manure to enter surface water such as rivers or ponds.,,It's an offence to allow fertiliser or organic manure to enter surface water (such as rivers or ponds).,m-b53be5b6,GUIDANCE_BROADER,medium,0.7148,,"This provision specifically prohibits livestock manure (other than slurry or poultry manure) from being spread directly onto surface water, which partially supports the guidance, but the guidance covers all organic manure and also nitrogen fertiliser, making it broader than this more limited provision.",COMPLETE,HAS_REPORTABLE_COMPARISON,13,2,11,bcand:fb24c6f60f3a6464,Livestock manure (other than slurry or poultry manure) must not be spread directly onto surface water.,lex-120b4f9c395b3f94,The Nitrate Pollution Prevention Regulations 2015,https://www.legislation.gov.uk/uksi/2015/668/contents/made,https://www.legislation.gov.uk/uksi/2015/668/regulation/17/2,,,regulation:17:paragraph:2:subparagraph:c
ssafo-nitrates,https://www.gov.uk/guidance/using-nitrogen-fertilisers-in-nitrate-vulnerable-zones,Using nitrogen fertilisers in nitrate vulnerable zones,6496ddf5-fe38-43db-ac42-b13e95777e33,susan-b5cccee08ec65fb7-31,A land manager must inspect the field to assess the risk of nitrogen getting into surface water before spreading any fertilisers or organic manures.,section:assess-the-risk-of-run-off-before-spreading,"You must inspect the field to assess the risk of nitrogen getting into surface water (for example, through runoff) before you spread any fertilisers or organic manures.",m-12b6d5d4,GUIDANCE_INCOMPLETE,medium,0.7469,,"The guidance correctly captures the requirement to assess the risk of nitrogen entering surface water before spreading, but it omits the six specific factors (slope, ground cover, proximity to surface water, weather, soil type, land drains) that the law explicitly requires to be taken into account. The law sets a floor requiring consideration of all six factors, and the guidance falls short by not mentioning them.",COMPLETE,HAS_REPORTABLE_COMPARISON,2,1,1,bcand:0f578512731098c4,"In assessing the risk of nitrogen getting into surface water, account must be taken in particular of: (a) the slope of the land (especially if greater than 12 degrees); (b) any ground cover; (c) the proximity to surface water; (d) the weather conditions; (e) the soil type; and (f) the presence of land drains.",lex-120b4f9c395b3f94,The Nitrate Pollution Prevention Regulations 2015,https://www.legislation.gov.uk/uksi/2015/668/contents/made,https://www.legislation.gov.uk/uksi/2015/668/regulation/16/2,,,regulation:16:paragraph:2:subparagraph:a-f
ssafo-nitrates,https://www.gov.uk/guidance/using-nitrogen-fertilisers-in-nitrate-vulnerable-zones,Using nitrogen fertilisers in nitrate vulnerable zones,6496ddf5-fe38-43db-ac42-b13e95777e33,susan-b5cccee08ec65fb7-32,"A land manager must not spread any manufactured fertilisers or organic manures on a field that is waterlogged, flooded or covered in snow.",,"You must not spread any manufactured fertilisers or organic manures if a field is either:
waterlogged, flooded or covered in snow
frozen for more than 12 hours in the previous 24 hours",m-76935f01,GUIDANCE_BROADER,high,0.7267,,"This clause prohibits spreading nitrogen fertiliser on waterlogged, flooded, or snow-covered land, matching the manufactured fertiliser limb of the guidance. However, the guidance also extends the prohibition to organic manures, which goes beyond what this clause alone states, making the guidance broader than this single provision.",COMPLETE,HAS_REPORTABLE_COMPARISON,15,1,14,bcand:990006a8d2ebd012,"Nitrogen fertiliser must not be spread on land that is waterlogged, flooded, or snow covered.",lex-120b4f9c395b3f94,The Nitrate Pollution Prevention Regulations 2015,https://www.legislation.gov.uk/uksi/2015/668/contents/made,https://www.legislation.gov.uk/uksi/2015/668/regulation/16/3,,,regulation:16:paragraph:3:subparagraph:a
ssafo-nitrates,https://www.gov.uk/guidance/using-nitrogen-fertilisers-in-nitrate-vulnerable-zones,Using nitrogen fertilisers in nitrate vulnerable zones,6496ddf5-fe38-43db-ac42-b13e95777e33,susan-b5cccee08ec65fb7-33,A land manager must not spread any manufactured fertilisers or organic manures on a field that has been frozen for more than 12 hours in the previous 24 hours.,,"You must not spread any manufactured fertilisers or organic manures if a field is either:
waterlogged, flooded or covered in snow
frozen for more than 12 hours in the previous 24 hours",m-35e89793,GUIDANCE_BROADER,high,0.708,,"The law prohibits spreading nitrogen fertiliser on frozen land (>12 hours in 24), but the guidance extends this prohibition to all manufactured fertilisers and organic manures, which goes beyond the statutory minimum. Under Rule 3/4, the guidance exceeds the statutory floor without contradicting it.",COMPLETE,HAS_REPORTABLE_COMPARISON,11,1,10,bcand:f8547db58f8014ab,A person must not spread nitrogen fertiliser on land that has been frozen for more than 12 hours in the previous 24 hours.,lex-120b4f9c395b3f94,The Nitrate Pollution Prevention Regulations 2015,https://www.legislation.gov.uk/uksi/2015/668/contents/made,https://www.legislation.gov.uk/uksi/2015/668/regulation/16/3,,,regulation:16:paragraph:3:subparagraph:b
ssafo-nitrates,https://www.gov.uk/guidance/using-nitrogen-fertilisers-in-nitrate-vulnerable-zones,Using nitrogen fertilisers in nitrate vulnerable zones,6496ddf5-fe38-43db-ac42-b13e95777e33,susan-b5cccee08ec65fb7-34,A land manager must not spread manufactured nitrogen fertiliser within 2 metres of surface water.,,"You must not spread:
manufactured nitrogen fertiliser within 2 metres of surface water
organic manure within 50 metres of a spring, well or borehole or 10 metres of surface water",m-a2631071,GROUNDED,high,0.7973,,The guidance accurately restates the statutory prohibition in regulation 16(4): no spreading of manufactured nitrogen fertiliser within 2 metres of surface water. Replacing 'person' with 'land manager' is consistent with the context and does not narrow or broaden the obligation.,COMPLETE,HAS_REPORTABLE_COMPARISON,2,1,1,bcand:301fe5d8bca92754,A person must not spread manufactured nitrogen fertiliser within 2 metres of surface water.,lex-120b4f9c395b3f94,The Nitrate Pollution Prevention Regulations 2015,https://www.legislation.gov.uk/uksi/2015/668/contents/made,https://www.legislation.gov.uk/uksi/2015/668/regulation/16/4,,,regulation:16:paragraph:4
ssafo-nitrates,https://www.gov.uk/guidance/using-nitrogen-fertilisers-in-nitrate-vulnerable-zones,Using nitrogen fertilisers in nitrate vulnerable zones,6496ddf5-fe38-43db-ac42-b13e95777e33,susan-b5cccee08ec65fb7-35,"A land manager must not spread organic manure within 50 metres of a spring, well or borehole.",,"You must not spread:
manufactured nitrogen fertiliser within 2 metres of surface water
organic manure within 50 metres of a spring, well or borehole or 10 metres of surface water",m-8d3ce494,GROUNDED,high,0.7987,,"The guidance accurately restates the statutory obligation: the 50-metre exclusion zone from a spring, well or borehole matches the law exactly in substance, with only an inconsequential difference in the order the water features are listed.",COMPLETE,HAS_REPORTABLE_COMPARISON,1,1,0,bcand:1971897df31cd875,"A person must not spread organic manure within 50 metres of a borehole, spring or well.",lex-120b4f9c395b3f94,The Nitrate Pollution Prevention Regulations 2015,https://www.legislation.gov.uk/uksi/2015/668/contents/made,https://www.legislation.gov.uk/uksi/2015/668/regulation/17/6,,,regulation:17:paragraph:6
ssafo-nitrates,https://www.gov.uk/guidance/using-nitrogen-fertilisers-in-nitrate-vulnerable-zones,Using nitrogen fertilisers in nitrate vulnerable zones,6496ddf5-fe38-43db-ac42-b13e95777e33,susan-b5cccee08ec65fb7-36,A land manager must not spread organic manure within 10 metres of surface water.,,"You must not spread:
manufactured nitrogen fertiliser within 2 metres of surface water
organic manure within 50 metres of a spring, well or borehole or 10 metres of surface water",m-365adb3d,GROUNDED,high,0.7792,,The guidance accurately restates the 10-metre exclusion zone for spreading organic manure near surface water as set out in regulation 17(1). The substitution of 'land manager' for 'person' is a contextual paraphrase that does not alter the substance.,COMPLETE,HAS_REPORTABLE_COMPARISON,4,1,3,bcand:4f2e7b35715696d7,A person must not spread organic manure within 10 metres of surface water.,lex-120b4f9c395b3f94,The Nitrate Pollution Prevention Regulations 2015,https://www.legislation.gov.uk/uksi/2015/668/contents/made,https://www.legislation.gov.uk/uksi/2015/668/regulation/17/1,,,regulation:17:paragraph:1
ssafo-nitrates,https://www.gov.uk/guidance/using-nitrogen-fertilisers-in-nitrate-vulnerable-zones,Using nitrogen fertilisers in nitrate vulnerable zones,6496ddf5-fe38-43db-ac42-b13e95777e33,susan-b5cccee08ec65fb7-37,A land manager must only spread manufactured nitrogen fertilisers and manures on agricultural land that is being used to grow crops (including grass).,,You must only spread manufactured nitrogen fertilisers and manures on agricultural land that you're using to grow crops (including grass).,,,,,,,COMPLETE,ONLY_UNGROUNDED_CANDIDATES,15,0,15,,,,,,,,,
ssafo-nitrates,https://www.gov.uk/guidance/using-nitrogen-fertilisers-in-nitrate-vulnerable-zones,Using nitrogen fertilisers in nitrate vulnerable zones,6496ddf5-fe38-43db-ac42-b13e95777e33,susan-b5cccee08ec65fb7-38,A land manager must spread manufactured nitrogen fertilisers and organic manures as accurately as possible.,section:where-you-cant-spread-manufactured-fertilisers-or-organic-manures,You must spread manufactured nitrogen fertilisers and organic manures as accurately as possible.,m-70feef83,GUIDANCE_BROADER,medium,0.7539,,"The law clause covers nitrogen fertiliser spreading accuracy; the guidance extends the same accuracy requirement to organic manures as well. This is broader than the statute without contradicting it, so GUIDANCE_BROADER applies under Rule 3/4.",COMPLETE,HAS_REPORTABLE_COMPARISON,2,1,1,bcand:7306bbe1527e203d,A person spreading nitrogen fertiliser must do so in as accurate a manner as possible.,lex-120b4f9c395b3f94,The Nitrate Pollution Prevention Regulations 2015,https://www.legislation.gov.uk/uksi/2015/668/contents/made,https://www.legislation.gov.uk/uksi/2015/668/regulation/16/5,,,regulation:16:paragraph:5
ssafo-nitrates,https://www.gov.uk/guidance/using-nitrogen-fertilisers-in-nitrate-vulnerable-zones,Using nitrogen fertilisers in nitrate vulnerable zones,6496ddf5-fe38-43db-ac42-b13e95777e33,susan-b5cccee08ec65fb7-39,"A land manager may spread slurry, sewage sludge and anaerobic digestate no less than 6 metres from surface water if precision manure spreading equipment such as band spreaders, shallow injectors or dribble-bar applicators is used.",,"You can spread slurry, sewage sludge and anaerobic digestate no less than 6 metres from surface water if you use precision manure spreading equipment like:
band spreaders (trailing hose or trailing shoe)
shallow injectors (that inject no more than 10cm below the surface)
dribble-bar applicators",m-038341d1,GROUNDED,high,0.7766,,"The regulation prohibits spreading slurry/sewage sludge/anaerobic digestate using a trailing hose or trailing shoe band spreader within 6 metres of surface water, which directly matches the guidance's statement that band spreaders may be used no less than 6 metres from surface water.",COMPLETE,HAS_REPORTABLE_COMPARISON,3,3,0,bcand:4153ede39d43fcc7,"Organic manure in the form of slurry, sewage sludge or anaerobic digestate (or any combination) may be spread using a trailing hose band spreader or a trailing shoe band spreader, except within 6 metres of surface water.",lex-120b4f9c395b3f94,The Nitrate Pollution Prevention Regulations 2015,https://www.legislation.gov.uk/uksi/2015/668/contents/made,https://www.legislation.gov.uk/uksi/2015/668/regulation/17/4,,,regulation:17:paragraph:4:subparagraph:a
ssafo-nitrates,https://www.gov.uk/guidance/using-nitrogen-fertilisers-in-nitrate-vulnerable-zones,Using nitrogen fertilisers in nitrate vulnerable zones,6496ddf5-fe38-43db-ac42-b13e95777e33,susan-b5cccee08ec65fb7-39,"A land manager may spread slurry, sewage sludge and anaerobic digestate no less than 6 metres from surface water if precision manure spreading equipment such as band spreaders, shallow injectors or dribble-bar applicators is used.",,"You can spread slurry, sewage sludge and anaerobic digestate no less than 6 metres from surface water if you use precision manure spreading equipment like:
band spreaders (trailing hose or trailing shoe)
shallow injectors (that inject no more than 10cm below the surface)
dribble-bar applicators",m-1594e52b,GROUNDED,high,0.7738,,"The regulation prohibits use of a dribble bar applicator within 6 metres of surface water for the same materials, directly matching the guidance's reference to dribble-bar applicators and the 6-metre rule.",COMPLETE,HAS_REPORTABLE_COMPARISON,3,3,0,bcand:cf03ffd731b61bc4,"Organic manure in the form of slurry, sewage sludge or anaerobic digestate (or any combination) may be spread using a dribble bar applicator, except within 6 metres of surface water.",lex-120b4f9c395b3f94,The Nitrate Pollution Prevention Regulations 2015,https://www.legislation.gov.uk/uksi/2015/668/contents/made,https://www.legislation.gov.uk/uksi/2015/668/regulation/17/4,,,regulation:17:paragraph:4:subparagraph:c
ssafo-nitrates,https://www.gov.uk/guidance/using-nitrogen-fertilisers-in-nitrate-vulnerable-zones,Using nitrogen fertilisers in nitrate vulnerable zones,6496ddf5-fe38-43db-ac42-b13e95777e33,susan-b5cccee08ec65fb7-39,"A land manager may spread slurry, sewage sludge and anaerobic digestate no less than 6 metres from surface water if precision manure spreading equipment such as band spreaders, shallow injectors or dribble-bar applicators is used.",,"You can spread slurry, sewage sludge and anaerobic digestate no less than 6 metres from surface water if you use precision manure spreading equipment like:
band spreaders (trailing hose or trailing shoe)
shallow injectors (that inject no more than 10cm below the surface)
dribble-bar applicators",m-2752947e,GROUNDED,high,0.77,,"The regulation prohibits use of a shallow injector (injecting no deeper than 10 cm) within 6 metres of surface water, matching the guidance's reference to shallow injectors and the 6-metre exclusion zone from surface water.",COMPLETE,HAS_REPORTABLE_COMPARISON,3,3,0,bcand:728bf0d230faed85,"Organic manure in the form of slurry, sewage sludge or anaerobic digestate (or any combination) may be spread using an injector that injects the organic manure no deeper than 10 cm below the surface of the soil, except within 6 metres of surface water.",lex-120b4f9c395b3f94,The Nitrate Pollution Prevention Regulations 2015,https://www.legislation.gov.uk/uksi/2015/668/contents/made,https://www.legislation.gov.uk/uksi/2015/668/regulation/17/4,,,regulation:17:paragraph:4:subparagraph:b
ssafo-nitrates,https://www.gov.uk/guidance/using-nitrogen-fertilisers-in-nitrate-vulnerable-zones,Using nitrogen fertilisers in nitrate vulnerable zones,6496ddf5-fe38-43db-ac42-b13e95777e33,susan-b5cccee08ec65fb7-4,A land manager may apply an additional 80kg of nitrogen per hectare if straw or paper sludge has been used on the previous or current crop.,,You can use an additional 80kg of nitrogen per hectare if you've used straw or paper sludge on the previous or current crop.,,,,,,,COMPLETE,ONLY_UNGROUNDED_CANDIDATES,15,0,15,,,,,,,,,
ssafo-nitrates,https://www.gov.uk/guidance/using-nitrogen-fertilisers-in-nitrate-vulnerable-zones,Using nitrogen fertilisers in nitrate vulnerable zones,6496ddf5-fe38-43db-ac42-b13e95777e33,susan-b5cccee08ec65fb7-40,"Straw-based solid manure spread within 10 metres of surface water on land notified as a site of special scientific interest or managed under an agri-environment scheme must only be spread between 1 June and 31 October, must not be spread directly into surface water, and must not exceed 12.5 tonnes per hectare each year.",,"You must only spread between 1 June and 31 October and not:
directly into surface water
more than 12.5 tonnes per hectare each year",m-402b842c,GROUNDED,high,0.7587,,"Regulation 17(2)(c) prohibits spreading organic manure directly onto surface water, which the guidance accurately restates as one of its conditions.",COMPLETE,HAS_REPORTABLE_COMPARISON,15,3,12,bcand:cb3bd4b20046dc94,Organic manure must not be spread directly on to surface water.,lex-120b4f9c395b3f94,The Nitrate Pollution Prevention Regulations 2015,https://www.legislation.gov.uk/uksi/2015/668/contents/made,https://www.legislation.gov.uk/uksi/2015/668/regulation/17/2,,,regulation:17:paragraph:2:subparagraph:c
ssafo-nitrates,https://www.gov.uk/guidance/using-nitrogen-fertilisers-in-nitrate-vulnerable-zones,Using nitrogen fertilisers in nitrate vulnerable zones,6496ddf5-fe38-43db-ac42-b13e95777e33,susan-b5cccee08ec65fb7-40,"Straw-based solid manure spread within 10 metres of surface water on land notified as a site of special scientific interest or managed under an agri-environment scheme must only be spread between 1 June and 31 October, must not be spread directly into surface water, and must not exceed 12.5 tonnes per hectare each year.",,"You must only spread between 1 June and 31 October and not:
directly into surface water
more than 12.5 tonnes per hectare each year",m-02f9869a,GROUNDED,high,0.754,,"Regulation 17(2)(d) sets the 12.5 tonnes per hectare annual limit for organic manure spread near surface water, which the guidance accurately reflects as one of its key requirements.",COMPLETE,HAS_REPORTABLE_COMPARISON,15,3,12,bcand:d4b322214797f299,"The total annual amount of organic manure spread near surface water, boreholes, springs or wells must not exceed 12.5 tonnes per hectare.",lex-120b4f9c395b3f94,The Nitrate Pollution Prevention Regulations 2015,https://www.legislation.gov.uk/uksi/2015/668/contents/made,https://www.legislation.gov.uk/uksi/2015/668/regulation/17/2,,,regulation:17:paragraph:2:subparagraph:d
ssafo-nitrates,https://www.gov.uk/guidance/using-nitrogen-fertilisers-in-nitrate-vulnerable-zones,Using nitrogen fertilisers in nitrate vulnerable zones,6496ddf5-fe38-43db-ac42-b13e95777e33,susan-b5cccee08ec65fb7-40,"Straw-based solid manure spread within 10 metres of surface water on land notified as a site of special scientific interest or managed under an agri-environment scheme must only be spread between 1 June and 31 October, must not be spread directly into surface water, and must not exceed 12.5 tonnes per hectare each year.",,"You must only spread between 1 June and 31 October and not:
directly into surface water
more than 12.5 tonnes per hectare each year",m-7678872b,GUIDANCE_BROADER,medium,0.7719,,"Regulation 17(1) sets a general prohibition on spreading organic manure within 10 metres of surface water. The guidance goes further by permitting an exception (spreading between 1 June and 31 October on SSSI/agri-environment land), which is broader than — but does not contradict — this floor-level prohibition.",COMPLETE,HAS_REPORTABLE_COMPARISON,15,3,12,bcand:4f2e7b35715696d7,A person must not spread organic manure within 10 metres of surface water.,lex-120b4f9c395b3f94,The Nitrate Pollution Prevention Regulations 2015,https://www.legislation.gov.uk/uksi/2015/668/contents/made,https://www.legislation.gov.uk/uksi/2015/668/regulation/17/1,,,regulation:17:paragraph:1
ssafo-nitrates,https://www.gov.uk/guidance/using-nitrogen-fertilisers-in-nitrate-vulnerable-zones,Using nitrogen fertilisers in nitrate vulnerable zones,6496ddf5-fe38-43db-ac42-b13e95777e33,susan-b5cccee08ec65fb7-41,High readily available nitrogen manures are organic fertilisers that have more than 30% of their total nitrogen content immediately available to crops.,,Some organic fertilisers have more than 30% of their total nitrogen content immediately available to crops. These are called 'high readily available nitrogen manures'.,,,,,,,COMPLETE,ONLY_UNGROUNDED_CANDIDATES,15,0,15,,,,,,,,,
ssafo-nitrates,https://www.gov.uk/guidance/using-nitrogen-fertilisers-in-nitrate-vulnerable-zones,Using nitrogen fertilisers in nitrate vulnerable zones,6496ddf5-fe38-43db-ac42-b13e95777e33,susan-b5cccee08ec65fb7-42,A land manager must not spread high readily available nitrogen manures on or between the dates shown in the closed period table.,section:using-manures-with-high-readily-available-nitrogen,You must not spread high readily available nitrogen manures on or between the dates shown in this table.,m-5235005e,GROUNDED,high,0.7491,,"Regulation 20(1) states that a person must not spread organic manure with high readily available nitrogen during the closed period, which matches the guidance's prohibition on spreading high readily available nitrogen manures during the closed period dates in the table.",COMPLETE,HAS_REPORTABLE_COMPARISON,5,1,4,bcand:3f1752f204f2ca06,A person must not spread organic manure with high readily available nitrogen on land during the closed period.,lex-120b4f9c395b3f94,The Nitrate Pollution Prevention Regulations 2015,https://www.legislation.gov.uk/uksi/2015/668/contents/made,https://www.legislation.gov.uk/uksi/2015/668/regulation/20/1,,,regulation:20:paragraph:1
ssafo-nitrates,https://www.gov.uk/guidance/using-nitrogen-fertilisers-in-nitrate-vulnerable-zones,Using nitrogen fertilisers in nitrate vulnerable zones,6496ddf5-fe38-43db-ac42-b13e95777e33,susan-b5cccee08ec65fb7-43,Soil is classified as shallow if it is less than 40cm deep.,,Your soil is shallow if it's less than 40cm deep,,,,,,,COMPLETE,ONLY_UNGROUNDED_CANDIDATES,4,0,4,,,,,,,,,
ssafo-nitrates,https://www.gov.uk/guidance/using-nitrogen-fertilisers-in-nitrate-vulnerable-zones,Using nitrogen fertilisers in nitrate vulnerable zones,6496ddf5-fe38-43db-ac42-b13e95777e33,susan-b5cccee08ec65fb7-44,A land manager must not spread more than 150kg of total nitrogen per hectare of high readily available nitrogen manure in a single application.,section:using-manures-with-high-readily-available-nitrogen,You must not spread more than 150kg of total nitrogen per hectare.,,,,,,,COMPLETE,ONLY_UNGROUNDED_CANDIDATES,5,0,5,,,,,,,,,
ssafo-nitrates,https://www.gov.uk/guidance/using-nitrogen-fertilisers-in-nitrate-vulnerable-zones,Using nitrogen fertilisers in nitrate vulnerable zones,6496ddf5-fe38-43db-ac42-b13e95777e33,susan-b5cccee08ec65fb7-45,"From the end of the closed period until the end of February, a land manager must not spread more than 30m³/ha of slurry in a single application.",,"You must not spread more than 150kg of total nitrogen per hectare.
You must not spread more than 30 m 3 /ha of slurry or 8 tonnes/ha of poultry manure in a single application from the end of the closed period until the end of February.",m-53f00cab,GROUNDED,high,0.7241,,"The candidate sets a maximum of 30 m³/ha per application, which matches the guidance exactly. The guidance also specifies a temporal window (end of closed period to end of February), which may represent an additional contextual element from a sub-paragraph, but the core quantitative rule is accurately reflected.",COMPLETE,HAS_REPORTABLE_COMPARISON,8,1,7,bcand:52f8ea7c13e0b465,The maximum amount of slurry that may be spread at any one time is 30 cubic metres per hectare.,lex-120b4f9c395b3f94,The Nitrate Pollution Prevention Regulations 2015,https://www.legislation.gov.uk/uksi/2015/668/contents/made,https://www.legislation.gov.uk/uksi/2015/668/regulation/20/5,,,regulation:20:paragraph:5:subparagraph:a
ssafo-nitrates,https://www.gov.uk/guidance/using-nitrogen-fertilisers-in-nitrate-vulnerable-zones,Using nitrogen fertilisers in nitrate vulnerable zones,6496ddf5-fe38-43db-ac42-b13e95777e33,susan-b5cccee08ec65fb7-46,"From the end of the closed period until the end of February, a land manager must not spread more than 8 tonnes/ha of poultry manure in a single application.",section:using-manures-with-high-readily-available-nitrogen,You must not spread more than 30 m 3 /ha of slurry or 8 tonnes/ha of poultry manure in a single application from the end of the closed period until the end of February.,m-94289b57,GUIDANCE_INCOMPLETE,high,0.7185,,"The law states the 8 tonnes/ha per-application maximum for poultry manure without temporal restriction, but the guidance limits the rule to a specific window ('from the end of the closed period until the end of February'), thereby omitting application of this limit at other times — meaning the guidance only partially reflects the law's full scope.",COMPLETE,HAS_REPORTABLE_COMPARISON,15,1,14,bcand:00344f88b7d1ba6d,The maximum amount of poultry manure that may be spread at any one time is 8 tonnes per hectare.,lex-120b4f9c395b3f94,The Nitrate Pollution Prevention Regulations 2015,https://www.legislation.gov.uk/uksi/2015/668/contents/made,https://www.legislation.gov.uk/uksi/2015/668/regulation/20/5,,,regulation:20:paragraph:5:subparagraph:b
ssafo-nitrates,https://www.gov.uk/guidance/using-nitrogen-fertilisers-in-nitrate-vulnerable-zones,Using nitrogen fertilisers in nitrate vulnerable zones,6496ddf5-fe38-43db-ac42-b13e95777e33,susan-b5cccee08ec65fb7-47,A land manager must allow at least 3 weeks between each individual application of high readily available nitrogen manure from the end of the closed period until the end of February.,section:using-manures-with-high-readily-available-nitrogen,You must allow at least 3 weeks between each individual application.,m-b2342dbc,GUIDANCE_BROADER,medium,0.7188,,"The law requires at least three weeks between any spreading of high-RAN organic manure without temporal limitation, while the guidance restricts the rule to the period 'from the end of the closed period until the end of February'. The guidance narrows the temporal scope relative to the law (rather than exceeding it outright), but it does not positively contradict the law — it applies a higher contextual constraint within a sub-period. Under Rule 3, the guidance covers less than the full requirem",COMPLETE,HAS_REPORTABLE_COMPARISON,15,1,14,bcand:06d0f9453e92c5da,There must be at least three weeks between any spreading of organic manure of the descriptions specified in paragraph (a) or (b) of regulation 20.,lex-120b4f9c395b3f94,The Nitrate Pollution Prevention Regulations 2015,https://www.legislation.gov.uk/uksi/2015/668/contents/made,https://www.legislation.gov.uk/uksi/2015/668/regulation/20/5,,,regulation:20:paragraph:5:subparagraph:c
ssafo-nitrates,https://www.gov.uk/guidance/using-nitrogen-fertilisers-in-nitrate-vulnerable-zones,Using nitrogen fertilisers in nitrate vulnerable zones,6496ddf5-fe38-43db-ac42-b13e95777e33,susan-b5cccee08ec65fb7-48,A land manager must only spread slurry using precision spreading equipment or equipment that has a low spreading trajectory (below 4 metres from the ground) or spreads slurry at a maximum rate of no more than 1 millimetre per hour when operating continuously.,,"You must only spread slurry using precision spreading equipment or equipment that either:
has a low spreading trajectory (below 4 metres from the ground)
spreads slurry at a maximum rate of no more than 1 millimetre per hour when operating continuously",m-d1151cce,CONFLICTS,high,0.7256,,"This candidate states equipment must have a trajectory of 4 metres or MORE and achieve a maximum rate of 1 mm/hr, whereas the guidance states the trajectory condition is BELOW 4 metres (and the rate condition is an alternative, not a conjunction). These are in the same regulatory framework and substantively oppose each other on the trajectory threshold, making this a genuine conflict.",COMPLETE,HAS_REPORTABLE_COMPARISON,5,2,3,bcand:6a63cadec4e19d42,Slurry spreading equipment must have a trajectory of 4 metres or more from the ground and be able to achieve a maximum slurry application rate of 1 mm per hour when operating continuously.,lex-120b4f9c395b3f94,The Nitrate Pollution Prevention Regulations 2015,https://www.legislation.gov.uk/uksi/2015/668/contents/made,https://www.legislation.gov.uk/uksi/2015/668/regulation/18/1,,,regulation:18:paragraph:1:subparagraph:b
ssafo-nitrates,https://www.gov.uk/guidance/using-nitrogen-fertilisers-in-nitrate-vulnerable-zones,Using nitrogen fertilisers in nitrate vulnerable zones,6496ddf5-fe38-43db-ac42-b13e95777e33,susan-b5cccee08ec65fb7-48,A land manager must only spread slurry using precision spreading equipment or equipment that has a low spreading trajectory (below 4 metres from the ground) or spreads slurry at a maximum rate of no more than 1 millimetre per hour when operating continuously.,,"You must only spread slurry using precision spreading equipment or equipment that either:
has a low spreading trajectory (below 4 metres from the ground)
spreads slurry at a maximum rate of no more than 1 millimetre per hour when operating continuously",m-4d9ff5c1,GUIDANCE_INCOMPLETE,medium,0.7239,,"This candidate grounds the '<4 metres trajectory' limb of the guidance, and the guidance accurately reflects this condition. However, the guidance presents this as one of three alternative conditions (precision equipment or <4m or ≤1mm/hr), whereas the law here addresses only the trajectory condition for broadcasting equipment; the guidance's broader framing of alternatives may not be fully captured by this single provision alone.",COMPLETE,HAS_REPORTABLE_COMPARISON,5,2,3,bcand:75dd71e4555076b5,"Where a person uses equipment to spread slurry by broadcasting, the equipment must have a trajectory of less than 4 metres from the ground.",lex-120b4f9c395b3f94,The Nitrate Pollution Prevention Regulations 2015,https://www.legislation.gov.uk/uksi/2015/668/contents/made,https://www.legislation.gov.uk/uksi/2015/668/regulation/18/1,,,regulation:18:paragraph:1:subparagraph:a
ssafo-nitrates,https://www.gov.uk/guidance/using-nitrogen-fertilisers-in-nitrate-vulnerable-zones,Using nitrogen fertilisers in nitrate vulnerable zones,6496ddf5-fe38-43db-ac42-b13e95777e33,susan-b5cccee08ec65fb7-49,"When spreading manure on bare soil or stubble not sown with seed, a land manager must work poultry manure, slurry and liquid-digested sludge into the soil as soon as practically possible and within 24 hours at the latest.",,"When you spread manure on bare soil or stubble (except if it's been sown with seed), you must:
work poultry manure, slurry and liquid-digested sludge into the soil (for example, by ploughing) as soon as it's practically possible to do so and within 24 hours at the latest",m-2e27e10a,GUIDANCE_BROADER,high,0.7364,,"The law clause requires incorporation of poultry manure only, whereas the guidance applies the same 24-hour incorporation rule to slurry and liquid-digested sludge as well, raising the bar beyond what this provision requires. Rule 4 applies: the guidance adds requirements beyond the statutory minimum without contradicting it.",COMPLETE,HAS_REPORTABLE_COMPARISON,2,1,1,bcand:8b3180a3e77aa48b,"Poultry manure must be incorporated into the ground as soon as practicable, and within 24 hours at the latest.",lex-120b4f9c395b3f94,The Nitrate Pollution Prevention Regulations 2015,https://www.legislation.gov.uk/uksi/2015/668/contents/made,https://www.legislation.gov.uk/uksi/2015/668/regulation/19/2,,,regulation:19:paragraph:2
ssafo-nitrates,https://www.gov.uk/guidance/using-nitrogen-fertilisers-in-nitrate-vulnerable-zones,Using nitrogen fertilisers in nitrate vulnerable zones,6496ddf5-fe38-43db-ac42-b13e95777e33,susan-b5cccee08ec65fb7-5,"For wheat and barley, a land manager may use an additional 20kg of nitrogen per hectare for every tonne that the expected yield exceeds the standard yield.",section:how-much-nitrogen-you-can-apply-to-your-crops,"For wheat and barley, you can use an additional 20kg of nitrogen per hectare for every tonne that the expected yield exceeds the standard yield.",m-873412e9,GROUNDED,medium,0.7387,,"Regulation 12(1) sets the total nitrogen limit for specified crops, adjusted as specified in the notes; the guidance restates one such note allowing an additional 20 kg/ha per tonne of yield above the standard, which falls within the adjustment mechanism referenced by this provision.",COMPLETE,HAS_REPORTABLE_COMPARISON,5,1,4,bcand:b2f994636dc07182,"The occupier of a holding must ensure that the total amount of nitrogen spread on a crop or group of crops specified in the table in paragraph (4) does not exceed the figure specified in the second column of that table in any twelve-month period, adjusted as specified in the notes and multiplied by the total area in hectares of the crop or group sown on the holding.",lex-120b4f9c395b3f94,The Nitrate Pollution Prevention Regulations 2015,https://www.legislation.gov.uk/uksi/2015/668/contents/made,https://www.legislation.gov.uk/uksi/2015/668/regulation/12/1,,,regulation:12:paragraph:1
ssafo-nitrates,https://www.gov.uk/guidance/using-nitrogen-fertilisers-in-nitrate-vulnerable-zones,Using nitrogen fertilisers in nitrate vulnerable zones,6496ddf5-fe38-43db-ac42-b13e95777e33,susan-b5cccee08ec65fb7-50,"When spreading manure on bare soil or stubble not sown with seed on sloping land within 50 metres of surface water that could receive run-off, a land manager must work any organic manure (unless spread as mulch on sandy soil) into the soil as soon as possible and within 24 hours at the latest.",,work any organic manure into the soil (unless it's been spread as mulch on sandy soil) as soon as possible and within 24 hours at the latest if the land is sloping and within 50 metres of surface water that could receive run-off from it,m-bea75dda,GUIDANCE_BROADER,medium,0.7753,,"The law clause applies wherever 'land slopes in such a way that there may be a run-off' to surface water, without restricting this to bare soil or stubble not sown with seed. The guidance narrows the trigger condition to 'bare soil or stubble not sown with seed on sloping land', which is more specific than the statutory provision and potentially excludes other sloping land scenarios covered by the law. However, the guidance also adds the condition about bare soil/stubble which is not in the law,",COMPLETE,HAS_REPORTABLE_COMPARISON,1,1,0,bcand:e8e157b181f996de,"Any organic manure (other than organic manure spread as a mulch on sandy soil) must be incorporated into the ground as soon as practicable, and within 24 hours at the latest, where the land is within 50 metres of surface water and slopes in such a way that there may be a run-off to that water.",lex-120b4f9c395b3f94,The Nitrate Pollution Prevention Regulations 2015,https://www.legislation.gov.uk/uksi/2015/668/contents/made,https://www.legislation.gov.uk/uksi/2015/668/regulation/19/4,,,regulation:19:paragraph:4
ssafo-nitrates,https://www.gov.uk/guidance/using-nitrogen-fertilisers-in-nitrate-vulnerable-zones,Using nitrogen fertilisers in nitrate vulnerable zones,6496ddf5-fe38-43db-ac42-b13e95777e33,susan-b5cccee08ec65fb7-51,"A land manager does not have to work in slurry and liquid-digested sludge if it has been applied using a trailing hose, shoe band spreader, dribble bar applicator or an injector.",,"You don't have to work in slurry and liquid-digested sludge if you have applied it using a trailing hose, shoe band spreader, dribble bar applicator or an injector.",m-e010686d,GROUNDED,high,0.7137,,"A neighbouring proposition explicitly states that dribble-bar applicators (precision equipment) must be used no less than 6 metres from surface water, thereby covering the specific 6-metre restriction the verdict identified as missing.",COMPLETE,HAS_REPORTABLE_COMPARISON,4,3,1,bcand:cf03ffd731b61bc4,"Organic manure in the form of slurry, sewage sludge or anaerobic digestate (or any combination) may be spread using a dribble bar applicator, except within 6 metres of surface water.",lex-120b4f9c395b3f94,The Nitrate Pollution Prevention Regulations 2015,https://www.legislation.gov.uk/uksi/2015/668/contents/made,https://www.legislation.gov.uk/uksi/2015/668/regulation/17/4,,,regulation:17:paragraph:4:subparagraph:c
ssafo-nitrates,https://www.gov.uk/guidance/using-nitrogen-fertilisers-in-nitrate-vulnerable-zones,Using nitrogen fertilisers in nitrate vulnerable zones,6496ddf5-fe38-43db-ac42-b13e95777e33,susan-b5cccee08ec65fb7-51,"A land manager does not have to work in slurry and liquid-digested sludge if it has been applied using a trailing hose, shoe band spreader, dribble bar applicator or an injector.",,"You don't have to work in slurry and liquid-digested sludge if you have applied it using a trailing hose, shoe band spreader, dribble bar applicator or an injector.",m-507839af,GUIDANCE_INCOMPLETE,high,0.7009,,"The law permits trailing hose/shoe band spreaders except within 6 metres of surface water; the guidance correctly identifies these applicators as exempting the land manager from working-in but omits the 6-metre surface-water exclusion, leaving the guidance incomplete.",COMPLETE,HAS_REPORTABLE_COMPARISON,4,3,1,bcand:4153ede39d43fcc7,"Organic manure in the form of slurry, sewage sludge or anaerobic digestate (or any combination) may be spread using a trailing hose band spreader or a trailing shoe band spreader, except within 6 metres of surface water.",lex-120b4f9c395b3f94,The Nitrate Pollution Prevention Regulations 2015,https://www.legislation.gov.uk/uksi/2015/668/contents/made,https://www.legislation.gov.uk/uksi/2015/668/regulation/17/4,,,regulation:17:paragraph:4:subparagraph:a
ssafo-nitrates,https://www.gov.uk/guidance/using-nitrogen-fertilisers-in-nitrate-vulnerable-zones,Using nitrogen fertilisers in nitrate vulnerable zones,6496ddf5-fe38-43db-ac42-b13e95777e33,susan-b5cccee08ec65fb7-51,"A land manager does not have to work in slurry and liquid-digested sludge if it has been applied using a trailing hose, shoe band spreader, dribble bar applicator or an injector.",,"You don't have to work in slurry and liquid-digested sludge if you have applied it using a trailing hose, shoe band spreader, dribble bar applicator or an injector.",m-add9e5a7,GUIDANCE_INCOMPLETE,high,0.689,,"The law permits injectors (no deeper than 10 cm) except within 6 metres of surface water; the guidance mentions injectors without the depth or proximity-to-surface-water conditions, making it incomplete relative to the legal requirements.",COMPLETE,HAS_REPORTABLE_COMPARISON,4,3,1,bcand:728bf0d230faed85,"Organic manure in the form of slurry, sewage sludge or anaerobic digestate (or any combination) may be spread using an injector that injects the organic manure no deeper than 10 cm below the surface of the soil, except within 6 metres of surface water.",lex-120b4f9c395b3f94,The Nitrate Pollution Prevention Regulations 2015,https://www.legislation.gov.uk/uksi/2015/668/contents/made,https://www.legislation.gov.uk/uksi/2015/668/regulation/17/4,,,regulation:17:paragraph:4:subparagraph:b
ssafo-nitrates,https://www.gov.uk/guidance/using-nitrogen-fertilisers-in-nitrate-vulnerable-zones,Using nitrogen fertilisers in nitrate vulnerable zones,6496ddf5-fe38-43db-ac42-b13e95777e33,susan-b5cccee08ec65fb7-52,A land manager must not spread manufactured nitrogen fertiliser on grassland during the closed period from 15 September to 15 January.,,"You must not spread manufactured nitrogen fertiliser on or between the following dates (closed periods):
from 15 September to 15 January on grassland
from 1 September to 15 January on tillage land",m-7f498e43,GUIDANCE_BROADER,high,0.7795,,"Regulation 22(1) prohibits spreading manufactured nitrogen fertiliser on 'land' during the closed period, with no restriction to grassland only. The guidance narrows the prohibition to grassland and specifies dates (15 September to 15 January), which may reflect a specific closed period definition for grassland elsewhere, but as stated the guidance is more restrictive (land-type specific) and date-bounded rather than covering all land as the law does. This means the guidance is narrower in scope",COMPLETE,HAS_REPORTABLE_COMPARISON,6,1,5,bcand:a896d168aeef910b,A person must not spread manufactured nitrogen fertiliser on land during the closed period.,lex-120b4f9c395b3f94,The Nitrate Pollution Prevention Regulations 2015,https://www.legislation.gov.uk/uksi/2015/668/contents/made,https://www.legislation.gov.uk/uksi/2015/668/regulation/22/1,,,regulation:22:paragraph:1
ssafo-nitrates,https://www.gov.uk/guidance/using-nitrogen-fertilisers-in-nitrate-vulnerable-zones,Using nitrogen fertilisers in nitrate vulnerable zones,6496ddf5-fe38-43db-ac42-b13e95777e33,susan-b5cccee08ec65fb7-53,A land manager must not spread manufactured nitrogen fertiliser on tillage land during the closed period from 1 September to 15 January.,,"You must not spread manufactured nitrogen fertiliser on or between the following dates (closed periods):
from 15 September to 15 January on grassland
from 1 September to 15 January on tillage land",m-3b24900a,GROUNDED,high,0.7679,,"The neighbouring proposition explicitly covers the closed period prohibition for grassland (15 September–15 January), resolving the specific concern that other land types and their closed period dates were omitted from the guidance.",COMPLETE,HAS_REPORTABLE_COMPARISON,6,1,5,bcand:a896d168aeef910b,A person must not spread manufactured nitrogen fertiliser on land during the closed period.,lex-120b4f9c395b3f94,The Nitrate Pollution Prevention Regulations 2015,https://www.legislation.gov.uk/uksi/2015/668/contents/made,https://www.legislation.gov.uk/uksi/2015/668/regulation/22/1,,,regulation:22:paragraph:1
ssafo-nitrates,https://www.gov.uk/guidance/using-nitrogen-fertilisers-in-nitrate-vulnerable-zones,Using nitrogen fertilisers in nitrate vulnerable zones,6496ddf5-fe38-43db-ac42-b13e95777e33,susan-b5cccee08ec65fb7-54,"If a land manager grows crops not listed in the closed-period exemptions table, they must have written advice from a FACTS-qualified adviser before spreading manufactured nitrogen fertilisers during the closed period.",,"If you grow crops that aren't listed in the table, you must have written advice from a FACTS-qualified adviser before you spread manufactured nitrogen fertilisers.",m-9f31a525,GROUNDED,high,0.7972,,The regulation permits spreading on unlisted crops provided it follows written FACTS adviser advice; the guidance accurately restates this as an obligation to obtain such written advice before spreading — the permissive framing in law and the obligatory framing in guidance are substantively equivalent given that without the advice the activity is not permitted.,COMPLETE,HAS_REPORTABLE_COMPARISON,1,1,0,bcand:acb0f8d735316cba,"A person may spread manufactured nitrogen fertiliser during the closed period on a crop not specified in the table in paragraph (5), provided the spreading is in accordance with written advice from a FACTS adviser.",lex-120b4f9c395b3f94,The Nitrate Pollution Prevention Regulations 2015,https://www.legislation.gov.uk/uksi/2015/668/contents/made,https://www.legislation.gov.uk/uksi/2015/668/regulation/22/4,,,regulation:22:paragraph:4
ssafo-nitrates,https://www.gov.uk/guidance/using-nitrogen-fertilisers-in-nitrate-vulnerable-zones,Using nitrogen fertilisers in nitrate vulnerable zones,6496ddf5-fe38-43db-ac42-b13e95777e33,susan-b5cccee08ec65fb7-55,"Limits on fertiliser use do not apply to land inside greenhouses, glasshouses and polytunnels where the land is enclosed for the whole calendar year.",,"You don't need to keep to limits on fertiliser use on land inside greenhouses, glasshouses and polytunnels where the land is enclosed for the whole calendar year. If land is exposed to the open air at any time (for example, if you uncover a polytunnel) the limits apply for the whole of that year.",m-dab73463,GUIDANCE_BROADER,medium,0.7346,,"Regulation 9 exempts Part 4 from applying to nitrogen fertiliser on crops in a greenhouse, but the guidance extends this to glasshouses and polytunnels, adds a 'whole calendar year' enclosure condition, and speaks to 'limits on fertiliser use' generally rather than just Part 4 restrictions. The guidance sets a broader/higher bar than this single clause.",COMPLETE,HAS_REPORTABLE_COMPARISON,15,5,10,bcand:4b7edfccef2ab9f8,Part 4 does not apply to the spreading of nitrogen fertiliser on a crop growing in a greenhouse.,lex-120b4f9c395b3f94,The Nitrate Pollution Prevention Regulations 2015,https://www.legislation.gov.uk/uksi/2015/668/contents/made,https://www.legislation.gov.uk/uksi/2015/668/regulation/9,,,regulation:9
ssafo-nitrates,https://www.gov.uk/guidance/using-nitrogen-fertilisers-in-nitrate-vulnerable-zones,Using nitrogen fertilisers in nitrate vulnerable zones,6496ddf5-fe38-43db-ac42-b13e95777e33,susan-b5cccee08ec65fb7-55,"Limits on fertiliser use do not apply to land inside greenhouses, glasshouses and polytunnels where the land is enclosed for the whole calendar year.",,"You don't need to keep to limits on fertiliser use on land inside greenhouses, glasshouses and polytunnels where the land is enclosed for the whole calendar year. If land is exposed to the open air at any time (for example, if you uncover a polytunnel) the limits apply for the whole of that year.",m-83907fcf,GUIDANCE_BROADER,medium,0.7168,,"This clause excludes greenhouse-covered land from the nitrogen limit calculation in paragraph (1) for the 'period concerned', and requires greenhouse coverage for the 'whole of the period'. The guidance adds polytunnels and glasshouses beyond 'greenhouse' and speaks to the 'whole calendar year', which may or may not align with 'the period concerned'.",COMPLETE,HAS_REPORTABLE_COMPARISON,15,5,10,bcand:38c181bbc6a47521,The reference in paragraph (1) to the land on the holding does not include any land which is covered by a greenhouse for the whole of the period concerned.,lex-120b4f9c395b3f94,The Nitrate Pollution Prevention Regulations 2015,https://www.legislation.gov.uk/uksi/2015/668/contents/made,https://www.legislation.gov.uk/uksi/2015/668/regulation/8/10,,,regulation:8:paragraph:10
ssafo-nitrates,https://www.gov.uk/guidance/using-nitrogen-fertilisers-in-nitrate-vulnerable-zones,Using nitrogen fertilisers in nitrate vulnerable zones,6496ddf5-fe38-43db-ac42-b13e95777e33,susan-b5cccee08ec65fb7-55,"Limits on fertiliser use do not apply to land inside greenhouses, glasshouses and polytunnels where the land is enclosed for the whole calendar year.",,"You don't need to keep to limits on fertiliser use on land inside greenhouses, glasshouses and polytunnels where the land is enclosed for the whole calendar year. If land is exposed to the open air at any time (for example, if you uncover a polytunnel) the limits apply for the whole of that year.",m-146e4d4c,GUIDANCE_BROADER,medium,0.7104,,"Regulation 22 paragraph 9 exempts greenhouses from regulation 22 (closed periods for manufactured nitrogen fertiliser); it supports part of the guidance but does not cover glasshouses, polytunnels, or the 'whole calendar year' condition the guidance states.",COMPLETE,HAS_REPORTABLE_COMPARISON,15,5,10,bcand:cd24c17569dac1a2,Regulation 22 does not apply to the spreading of nitrogen fertiliser in a greenhouse.,lex-120b4f9c395b3f94,The Nitrate Pollution Prevention Regulations 2015,https://www.legislation.gov.uk/uksi/2015/668/contents/made,https://www.legislation.gov.uk/uksi/2015/668/regulation/22/9,,,regulation:22:paragraph:9
ssafo-nitrates,https://www.gov.uk/guidance/using-nitrogen-fertilisers-in-nitrate-vulnerable-zones,Using nitrogen fertilisers in nitrate vulnerable zones,6496ddf5-fe38-43db-ac42-b13e95777e33,susan-b5cccee08ec65fb7-55,"Limits on fertiliser use do not apply to land inside greenhouses, glasshouses and polytunnels where the land is enclosed for the whole calendar year.",,"You don't need to keep to limits on fertiliser use on land inside greenhouses, glasshouses and polytunnels where the land is enclosed for the whole calendar year. If land is exposed to the open air at any time (for example, if you uncover a polytunnel) the limits apply for the whole of that year.",m-a424f920,GUIDANCE_BROADER,medium,0.7053,,"Regulation 16 paragraph 6 exempts greenhouse-covered land from regulation 16, supporting one facet of the guidance, but 'greenhouse' alone does not cover glasshouses and polytunnels mentioned in the guidance, and the 'whole calendar year' condition is not stated here.",COMPLETE,HAS_REPORTABLE_COMPARISON,15,5,10,bcand:b54a7cace39b1627,Regulation 16 does not apply to land which is covered by a greenhouse.,lex-120b4f9c395b3f94,The Nitrate Pollution Prevention Regulations 2015,https://www.legislation.gov.uk/uksi/2015/668/contents/made,https://www.legislation.gov.uk/uksi/2015/668/regulation/16/6,,,regulation:16:paragraph:6
ssafo-nitrates,https://www.gov.uk/guidance/using-nitrogen-fertilisers-in-nitrate-vulnerable-zones,Using nitrogen fertilisers in nitrate vulnerable zones,6496ddf5-fe38-43db-ac42-b13e95777e33,susan-b5cccee08ec65fb7-55,"Limits on fertiliser use do not apply to land inside greenhouses, glasshouses and polytunnels where the land is enclosed for the whole calendar year.",,"You don't need to keep to limits on fertiliser use on land inside greenhouses, glasshouses and polytunnels where the land is enclosed for the whole calendar year. If land is exposed to the open air at any time (for example, if you uncover a polytunnel) the limits apply for the whole of that year.",m-eb61771a,GUIDANCE_BROADER,medium,0.7032,,"This clause excludes greenhouse-covered land from total nitrogen holding calculations under regulation 7 for 'the whole of the year concerned', which aligns with the 'whole calendar year' condition in the guidance, but the guidance also references glasshouses and polytunnels not mentioned here.",COMPLETE,HAS_REPORTABLE_COMPARISON,15,5,10,bcand:c79b38da1dbd2898,Land which is covered by a greenhouse for the whole of the year concerned is excluded from the calculation of the total nitrogen limit for the whole holding under regulation 7.,lex-120b4f9c395b3f94,The Nitrate Pollution Prevention Regulations 2015,https://www.legislation.gov.uk/uksi/2015/668/contents/made,https://www.legislation.gov.uk/uksi/2015/668/regulation/7/4,,,regulation:7:paragraph:4:subparagraph:b
ssafo-nitrates,https://www.gov.uk/guidance/using-nitrogen-fertilisers-in-nitrate-vulnerable-zones,Using nitrogen fertilisers in nitrate vulnerable zones,6496ddf5-fe38-43db-ac42-b13e95777e33,susan-b5cccee08ec65fb7-56,"If land inside a greenhouse, glasshouse or polytunnel is exposed to the open air at any time during the year, the nitrogen fertiliser limits apply for the whole of that year.",section:exemptions-for-greenhouses-and-low-intensity-farms,"If land is exposed to the open air at any time (for example, if you uncover a polytunnel) the limits apply for the whole of that year.",m-02f458a0,GROUNDED,medium,0.6935,,"Regulation 8(10) excludes from the annual nitrogen limit only land covered by a greenhouse for the whole period; by necessary implication, land in a greenhouse that is exposed to open air at any point in the year does not satisfy this exclusion and thus the limits apply for the whole year. The guidance accurately reflects this consequence, albeit by stating the positive corollary of the exclusion.",COMPLETE,HAS_REPORTABLE_COMPARISON,15,1,14,bcand:38c181bbc6a47521,The reference in paragraph (1) to the land on the holding does not include any land which is covered by a greenhouse for the whole of the period concerned.,lex-120b4f9c395b3f94,The Nitrate Pollution Prevention Regulations 2015,https://www.legislation.gov.uk/uksi/2015/668/contents/made,https://www.legislation.gov.uk/uksi/2015/668/regulation/8/10,,,regulation:8:paragraph:10
ssafo-nitrates,https://www.gov.uk/guidance/using-nitrogen-fertilisers-in-nitrate-vulnerable-zones,Using nitrogen fertilisers in nitrate vulnerable zones,6496ddf5-fe38-43db-ac42-b13e95777e33,susan-b5cccee08ec65fb7-57,A land manager does not need to keep records of nitrogen fertiliser use or the yield of arable crops on land inside a greenhouse.,,You don't need to keep records of your use of nitrogen fertilisers or the yield of arable crops in a greenhouse.,m-34246de2,GUIDANCE_BROADER,medium,0.7111,,"Regulation 32(1) imposes a duty to record arable crop yield where nitrogen fertiliser has been used, but does not itself state a greenhouse exemption. The guidance adds a carve-out for greenhouse land that goes beyond (but does not contradict) the face of this provision; any such exemption would need to be found in a separate definitional or scope clause.",COMPLETE,HAS_REPORTABLE_COMPARISON,8,1,7,bcand:074384636e10a2a0,The occupier of a holding who has used nitrogen fertiliser must record the yield achieved by an arable crop within one week of ascertaining it.,lex-120b4f9c395b3f94,The Nitrate Pollution Prevention Regulations 2015,https://www.legislation.gov.uk/uksi/2015/668/contents/made,https://www.legislation.gov.uk/uksi/2015/668/regulation/32/1,,,regulation:32:paragraph:1
ssafo-nitrates,https://www.gov.uk/guidance/using-nitrogen-fertilisers-in-nitrate-vulnerable-zones,Using nitrogen fertilisers in nitrate vulnerable zones,6496ddf5-fe38-43db-ac42-b13e95777e33,susan-b5cccee08ec65fb7-58,"A low-intensity farmer is one where at least 80% of their land is grassland, no more than 100kg of nitrogen per hectare per year is applied as organic manure, no more than 90kg of nitrogen per hectare per year is spread as manufactured fertiliser, and no organic manure is brought onto the holding.",,"You're a low-intensity farmer if all of the following apply to you:
at least 80% of your land is grassland
you apply no more than 100kg of nitrogen per hectare per year as organic manure (including any nitrogen in manure deposited on the field by livestock)
you spread no more than 90kg of nitrogen per hectare per year as manufactured fertiliser
you don't bring any organic manure onto your holding",,,,,,,COMPLETE,ONLY_UNGROUNDED_CANDIDATES,15,0,15,,,,,,,,,
ssafo-nitrates,https://www.gov.uk/guidance/using-nitrogen-fertilisers-in-nitrate-vulnerable-zones,Using nitrogen fertilisers in nitrate vulnerable zones,6496ddf5-fe38-43db-ac42-b13e95777e33,susan-b5cccee08ec65fb7-59,A low-intensity farmer does not have to keep a record of their actual applications of manufactured fertiliser and organic manure in each field.,,You don't have to keep a record of your actual applications of manufactured fertiliser and organic manure in each field.,m-9425a39b,GUIDANCE_BROADER,medium,0.6816,,"Regulation 31(1)(c-e) imposes a general record-keeping obligation on all occupiers who spread organic manure with no stated low-intensity exemption; the guidance claims low-intensity farmers are exempt, which goes beyond (and potentially conflicts with) what this provision says — but since the exemption may exist elsewhere in the instrument, GUIDANCE_BROADER is the more appropriate label under rule 4 rather than CONFLICTS.",COMPLETE,HAS_REPORTABLE_COMPARISON,12,1,11,bcand:6a4026afb476d217,"The occupier of a holding who spreads organic manure must, within one week of doing so, record the date, the method, and the type of organic manure spread.",lex-120b4f9c395b3f94,The Nitrate Pollution Prevention Regulations 2015,https://www.legislation.gov.uk/uksi/2015/668/contents/made,https://www.legislation.gov.uk/uksi/2015/668/regulation/31/1,,,regulation:31:paragraph:1:subparagraph:c-e
ssafo-nitrates,https://www.gov.uk/guidance/using-nitrogen-fertilisers-in-nitrate-vulnerable-zones,Using nitrogen fertilisers in nitrate vulnerable zones,6496ddf5-fe38-43db-ac42-b13e95777e33,susan-b5cccee08ec65fb7-6,"On milling wheat varieties, a land manager may use an additional 40kg of nitrogen per hectare.",section:how-much-nitrogen-you-can-apply-to-your-crops,"On milling wheat varieties, you can use an additional 40kg of nitrogen per hectare.",,,,,,,COMPLETE,ONLY_UNGROUNDED_CANDIDATES,13,0,13,,,,,,,,,
ssafo-nitrates,https://www.gov.uk/guidance/using-nitrogen-fertilisers-in-nitrate-vulnerable-zones,Using nitrogen fertilisers in nitrate vulnerable zones,6496ddf5-fe38-43db-ac42-b13e95777e33,susan-b5cccee08ec65fb7-60,A low-intensity farmer must have recorded information to show that they meet the criteria for low-intensity farms.,section:exemptions-for-greenhouses-and-low-intensity-farms,You must have recorded information to show that you meet the criteria for low-intensity farms.,,,,,,,COMPLETE,ONLY_UNGROUNDED_CANDIDATES,11,0,11,,,,,,,,,
ssafo-nitrates,https://www.gov.uk/guidance/using-nitrogen-fertilisers-in-nitrate-vulnerable-zones,Using nitrogen fertilisers in nitrate vulnerable zones,6496ddf5-fe38-43db-ac42-b13e95777e33,susan-b5cccee08ec65fb7-61,A low-intensity farmer must still plan their nitrogen use by keeping a fertilisation plan.,section:exemptions-for-greenhouses-and-low-intensity-farms,You must still plan your nitrogen use by keeping a fertilisation plan.,m-ba0f8d0f,GROUNDED,high,0.6581,,"Regulation 10(1)(c) directly imposes the obligation to produce a fertilisation plan for the growing season on any person planning nitrogen fertiliser spreading, which accurately underpins the guidance that a low-intensity farmer must keep a fertilisation plan.",COMPLETE,HAS_REPORTABLE_COMPARISON,9,1,8,bcand:04f30441040c6840,A person planning the spreading of nitrogen fertiliser must produce a fertilisation plan for that growing season.,lex-120b4f9c395b3f94,The Nitrate Pollution Prevention Regulations 2015,https://www.legislation.gov.uk/uksi/2015/668/contents/made,https://www.legislation.gov.uk/uksi/2015/668/regulation/10/1,,,regulation:10:paragraph:1:subparagraph:c
ssafo-nitrates,https://www.gov.uk/guidance/using-nitrogen-fertilisers-in-nitrate-vulnerable-zones,Using nitrogen fertilisers in nitrate vulnerable zones,6496ddf5-fe38-43db-ac42-b13e95777e33,susan-b5cccee08ec65fb7-62,"When calculating fertiliser applications, a land manager must not include any area of their holding where no fertiliser is spread or the soil is not worked, such as rough grazing areas.",,"When calculating your fertiliser applications, you must not include any area of your holding where you don't spread any fertiliser or work the soil (for example, on rough grazing areas).",m-1957df21,GROUNDED,high,0.7513,,"The law clause explicitly excludes from the holding area calculation any land where the occupier does not spread fertiliser or work the soil, which directly matches the guidance statement. The guidance accurately restates this statutory exclusion.",COMPLETE,HAS_REPORTABLE_COMPARISON,15,2,13,bcand:27a4cffbcafd5cf6,"For the purposes of calculating the area of the holding under paragraph (7), land on which the occupier does not spread fertiliser or work the soil is excluded from that area.",lex-120b4f9c395b3f94,The Nitrate Pollution Prevention Regulations 2015,https://www.legislation.gov.uk/uksi/2015/668/contents/made,https://www.legislation.gov.uk/uksi/2015/668/regulation/8/8,,,regulation:8:paragraph:8
ssafo-nitrates,https://www.gov.uk/guidance/using-nitrogen-fertilisers-in-nitrate-vulnerable-zones,Using nitrogen fertilisers in nitrate vulnerable zones,6496ddf5-fe38-43db-ac42-b13e95777e33,susan-b5cccee08ec65fb7-62,"When calculating fertiliser applications, a land manager must not include any area of their holding where no fertiliser is spread or the soil is not worked, such as rough grazing areas.",,"When calculating your fertiliser applications, you must not include any area of your holding where you don't spread any fertiliser or work the soil (for example, on rough grazing areas).",m-bd8e18cd,GROUNDED,high,0.7398,,"This clause also excludes land on which the occupier does not spread fertiliser or work the soil from the holding area, but in the context of records of spreading. It supports the same principle, though it applies to records rather than general calculation. The guidance is substantively accurate relative to this provision as well.",COMPLETE,HAS_REPORTABLE_COMPARISON,15,2,13,bcand:003299ab9e66e43b,"For the purposes of records of spreading nitrogen fertiliser, the area of the holding excludes any land on which the occupier does not spread fertiliser or work the soil.",lex-120b4f9c395b3f94,The Nitrate Pollution Prevention Regulations 2015,https://www.legislation.gov.uk/uksi/2015/668/contents/made,https://www.legislation.gov.uk/uksi/2015/668/regulation/31/6,,,regulation:31:paragraph:6:subparagraph:a
ssafo-nitrates,https://www.gov.uk/guidance/using-nitrogen-fertilisers-in-nitrate-vulnerable-zones,Using nitrogen fertilisers in nitrate vulnerable zones,6496ddf5-fe38-43db-ac42-b13e95777e33,susan-b5cccee08ec65fb7-63,A land manager must keep all records of their fertiliser use for at least 5 years.,section:keeping-records,You must keep all records of your fertiliser use for at least 5 years.,m-8c3cb796,GUIDANCE_INCOMPLETE,high,0.7547,,The law specifies that the 5-year retention period runs from when the record 'ceased to be current' and explicitly states the obligation persists even if the land ceases to be in a nitrate vulnerable zone — both nuances the guidance omits. The guidance correctly states the 5-year period but falls short of the full statutory requirement by omitting these conditions.,COMPLETE,HAS_REPORTABLE_COMPARISON,1,1,0,bcand:ac41f99b558aab58,"A person required to make a record under these Regulations must keep that record for 5 years after the record ceased to be current, regardless of whether the land has in the meantime ceased to be designated as a nitrate vulnerable zone.",lex-120b4f9c395b3f94,The Nitrate Pollution Prevention Regulations 2015,https://www.legislation.gov.uk/uksi/2015/668/contents/made,https://www.legislation.gov.uk/uksi/2015/668/regulation/35/1,,,regulation:35:paragraph:1
ssafo-nitrates,https://www.gov.uk/guidance/using-nitrogen-fertilisers-in-nitrate-vulnerable-zones,Using nitrogen fertilisers in nitrate vulnerable zones,6496ddf5-fe38-43db-ac42-b13e95777e33,susan-b5cccee08ec65fb7-64,A land manager must keep records of each step in their fertilisation plan for each field in which nitrogen fertiliser is used.,section:keeping-records,You must keep records of each step in your fertilisation plan for each field in which you use nitrogen fertiliser.,m-e61fcd97,GUIDANCE_BROADER,medium,0.7278,,"This clause requires the fertilisation plan to state the nature of fertilizer per field, which is one element of a fertilisation plan. The guidance's claim that records of 'each step' in the fertilisation plan must be kept goes beyond what this specific clause requires, making the guidance broader than this floor.",COMPLETE,HAS_REPORTABLE_COMPARISON,15,3,12,bcand:af60dbbae689bec5,The fertilisation plan for the holding must— clearly state in relation to any field referred to in the plan the nature of the fertilizer to be used. (2) The fertilisation plan must record—,lex-120b4f9c395b3f94,The Nitrate Pollution Prevention Regulations 2015,https://www.legislation.gov.uk/uksi/2015/668/contents/made,https://www.legislation.gov.uk/uksi/2015/668/schedule/3/paragraph/4,,,schedule:3:paragraph:4:subparagraph:b
ssafo-nitrates,https://www.gov.uk/guidance/using-nitrogen-fertilisers-in-nitrate-vulnerable-zones,Using nitrogen fertilisers in nitrate vulnerable zones,6496ddf5-fe38-43db-ac42-b13e95777e33,susan-b5cccee08ec65fb7-64,A land manager must keep records of each step in their fertilisation plan for each field in which nitrogen fertiliser is used.,section:keeping-records,You must keep records of each step in your fertilisation plan for each field in which you use nitrogen fertiliser.,m-61abf573,GUIDANCE_BROADER,medium,0.7217,,This clause requires the fertilisation plan to include a sketch plan and state the nature of fertilizer per field; the guidance's 'each step' framing is broader than these specific requirements.,COMPLETE,HAS_REPORTABLE_COMPARISON,15,3,12,bcand:dbb884c5fab18850,"The fertilisation plan for the holding must include a sketch plan indicating the location of the fields to which the plan relates, and must clearly state in relation to any field referred to in the plan the nature of the fertilizer to be used.",lex-120b4f9c395b3f94,The Nitrate Pollution Prevention Regulations 2015,https://www.legislation.gov.uk/uksi/2015/668/contents/made,https://www.legislation.gov.uk/uksi/2015/668/schedule/3/paragraph/4,,,schedule:3:paragraph:4:subparagraph:1:items:a-b
ssafo-nitrates,https://www.gov.uk/guidance/using-nitrogen-fertilisers-in-nitrate-vulnerable-zones,Using nitrogen fertilisers in nitrate vulnerable zones,6496ddf5-fe38-43db-ac42-b13e95777e33,susan-b5cccee08ec65fb7-64,A land manager must keep records of each step in their fertilisation plan for each field in which nitrogen fertiliser is used.,section:keeping-records,You must keep records of each step in your fertilisation plan for each field in which you use nitrogen fertiliser.,m-818fd1a4,GUIDANCE_BROADER,medium,0.7217,,Identical in substance to bcand:dbb884c5fab18850 — same analysis applies; the guidance's scope exceeds these specific plan contents.,COMPLETE,HAS_REPORTABLE_COMPARISON,15,3,12,bcand:edf175d3f31a8349,"The fertilisation plan for the holding must include a sketch plan indicating the location of the fields to which the plan relates, and must clearly state in relation to any field referred to in the plan the nature of the fertilizer to be used.",lex-120b4f9c395b3f94,The Nitrate Pollution Prevention Regulations 2015,https://www.legislation.gov.uk/uksi/2015/668/contents/made,https://www.legislation.gov.uk/uksi/2015/668/schedule/3/paragraph/4,,,schedule:3:paragraph:4:subparagraph:1:items:a-b
ssafo-nitrates,https://www.gov.uk/guidance/using-nitrogen-fertilisers-in-nitrate-vulnerable-zones,Using nitrogen fertilisers in nitrate vulnerable zones,6496ddf5-fe38-43db-ac42-b13e95777e33,susan-b5cccee08ec65fb7-65,A land manager must keep a copy of any advice from a FACTS-qualified adviser with their fertilisation plan.,section:keeping-records,You must also keep a copy of any advice from a FACTS-qualified adviser with your plan.,m-8cad8c90,GUIDANCE_BROADER,medium,0.7334,,"The regulation requires keeping a copy of FACTS adviser advice whenever relied upon 'for any purpose under these Regulations', with no restriction to the fertilisation plan. The guidance narrows the trigger ('with their fertilisation plan') which is actually a stricter/more specific framing than the broader statutory obligation — the guidance imposes a specific locational requirement (kept with the fertilisation plan) that the law does not, making it broader in that respect, while also potential",COMPLETE,HAS_REPORTABLE_COMPARISON,1,1,0,bcand:82dfbc6085f95ed4,"Where the occupier of a holding has relied on advice from a FACTS adviser for any purpose under these Regulations, the occupier must keep a copy of that advice.",lex-120b4f9c395b3f94,The Nitrate Pollution Prevention Regulations 2015,https://www.legislation.gov.uk/uksi/2015/668/contents/made,https://www.legislation.gov.uk/uksi/2015/668/regulation/33,,,regulation:33
ssafo-nitrates,https://www.gov.uk/guidance/using-nitrogen-fertilisers-in-nitrate-vulnerable-zones,Using nitrogen fertilisers in nitrate vulnerable zones,6496ddf5-fe38-43db-ac42-b13e95777e33,susan-b5cccee08ec65fb7-66,"A land manager must update their field records within 1 week of sowing, spreading fertiliser or harvesting a crop.",section:keeping-records,"You must update your field records within 1 week of sowing, spreading fertiliser or harvesting a crop.",m-f6d0c15c,GUIDANCE_BROADER,high,0.7681,,"The law requires a one-week record for sowing (where nitrogen fertiliser is spread or intended), but the guidance extends the same one-week deadline to spreading fertiliser and harvesting a crop, which are not covered by this provision. The guidance therefore goes beyond what this clause requires.",COMPLETE,HAS_REPORTABLE_COMPARISON,3,2,1,bcand:b546b09215d6b240,"The occupier of a holding must, within one week of sowing a crop on which the occupier spreads or intends to spread nitrogen fertiliser, record the crop sown and the date of sowing.",lex-120b4f9c395b3f94,The Nitrate Pollution Prevention Regulations 2015,https://www.legislation.gov.uk/uksi/2015/668/contents/made,https://www.legislation.gov.uk/uksi/2015/668/regulation/30/1,,,regulation:30:paragraph:1
ssafo-nitrates,https://www.gov.uk/guidance/using-nitrogen-fertilisers-in-nitrate-vulnerable-zones,Using nitrogen fertilisers in nitrate vulnerable zones,6496ddf5-fe38-43db-ac42-b13e95777e33,susan-b5cccee08ec65fb7-66,"A land manager must update their field records within 1 week of sowing, spreading fertiliser or harvesting a crop.",section:keeping-records,"You must update your field records within 1 week of sowing, spreading fertiliser or harvesting a crop.",m-a3a83e97,GUIDANCE_BROADER,high,0.7634,,"Like the regulation counterpart, this schedule paragraph covers only sowing of a crop where nitrogen fertiliser is spread or intended; the guidance also includes spreading fertiliser and harvesting, making it broader than this provision.",COMPLETE,HAS_REPORTABLE_COMPARISON,3,2,1,bcand:e864d8ab23089326,"The occupier must, within one week of sowing a crop on which the occupier spreads or intends to spread nitrogen fertiliser, record the crop sown and the date of sowing.",lex-120b4f9c395b3f94,The Nitrate Pollution Prevention Regulations 2015,https://www.legislation.gov.uk/uksi/2015/668/contents/made,https://www.legislation.gov.uk/uksi/2015/668/schedule/3/paragraph/16,,,schedule:3:paragraph:16
ssafo-nitrates,https://www.gov.uk/guidance/using-nitrogen-fertilisers-in-nitrate-vulnerable-zones,Using nitrogen fertilisers in nitrate vulnerable zones,6496ddf5-fe38-43db-ac42-b13e95777e33,susan-b5cccee08ec65fb7-67,A land manager must keep evidence of the soil nitrogen supply and how it was calculated.,,"You must keep evidence of:
the soil nitrogen supply and how you calculated it
the crop nitrogen requirement and how you calculated it
any written advice from a FACTS-qualified adviser",,,,,,,COMPLETE,ONLY_UNGROUNDED_CANDIDATES,4,0,4,,,,,,,,,
ssafo-nitrates,https://www.gov.uk/guidance/using-nitrogen-fertilisers-in-nitrate-vulnerable-zones,Using nitrogen fertilisers in nitrate vulnerable zones,6496ddf5-fe38-43db-ac42-b13e95777e33,susan-b5cccee08ec65fb7-68,A land manager must keep evidence of the crop nitrogen requirement and how it was calculated.,,"You must keep evidence of:
the soil nitrogen supply and how you calculated it
the crop nitrogen requirement and how you calculated it
any written advice from a FACTS-qualified adviser",,,,,,,COMPLETE,ONLY_UNGROUNDED_CANDIDATES,7,0,7,,,,,,,,,
ssafo-nitrates,https://www.gov.uk/guidance/using-nitrogen-fertilisers-in-nitrate-vulnerable-zones,Using nitrogen fertilisers in nitrate vulnerable zones,6496ddf5-fe38-43db-ac42-b13e95777e33,susan-b5cccee08ec65fb7-69,A land manager must keep evidence of any written advice from a FACTS-qualified adviser.,,"You must keep evidence of:
the soil nitrogen supply and how you calculated it
the crop nitrogen requirement and how you calculated it
any written advice from a FACTS-qualified adviser",m-17ab1fc0,GROUNDED,high,0.7414,,The regulation requires the occupier to keep a copy of advice from a FACTS adviser when relied upon under the Regulations; the guidance accurately restates this obligation using 'land manager' (synonymous with occupier in this context) and 'written advice' (reflecting the nature of FACTS adviser advice). The guidance accurately reflects the legal requirement without adding or omitting any material element.,COMPLETE,HAS_REPORTABLE_COMPARISON,1,1,0,bcand:82dfbc6085f95ed4,"Where the occupier of a holding has relied on advice from a FACTS adviser for any purpose under these Regulations, the occupier must keep a copy of that advice.",lex-120b4f9c395b3f94,The Nitrate Pollution Prevention Regulations 2015,https://www.legislation.gov.uk/uksi/2015/668/contents/made,https://www.legislation.gov.uk/uksi/2015/668/regulation/33,,,regulation:33
ssafo-nitrates,https://www.gov.uk/guidance/using-nitrogen-fertilisers-in-nitrate-vulnerable-zones,Using nitrogen fertilisers in nitrate vulnerable zones,6496ddf5-fe38-43db-ac42-b13e95777e33,susan-b5cccee08ec65fb7-7,"On autumn and winter-sown wheat and winter barley, a land manager may use an additional 20kg of nitrogen per hectare on fields with a shallow soil type, except on shallow soils over sandstone.",section:how-much-nitrogen-you-can-apply-to-your-crops,On autumn and winter-sown wheat and winter barley you can use an additional 20kg of nitrogen per hectare on fields with a shallow soil type (except on shallow soils over sandstone).,,,,,,,COMPLETE,ONLY_UNGROUNDED_CANDIDATES,15,0,15,,,,,,,,,
ssafo-nitrates,https://www.gov.uk/guidance/using-nitrogen-fertilisers-in-nitrate-vulnerable-zones,Using nitrogen fertilisers in nitrate vulnerable zones,6496ddf5-fe38-43db-ac42-b13e95777e33,susan-b5cccee08ec65fb7-70,A land manager must keep original laboratory reports of any sampling and analysis done to find out the nitrogen content in organic manure used.,section:keeping-records,You must keep original laboratory reports of any sampling and analysis you have done to find out the nitrogen content in organic manure that you use.,m-b75f0d99,GROUNDED,high,0.8167,,The guidance accurately reflects regulation 29: both require that a person who uses sampling and analysis to determine nitrogen content in organic manure must keep the original laboratory report. The substitution of 'land manager' for 'person' does not materially narrow or broaden the obligation within this regulatory context.,COMPLETE,HAS_REPORTABLE_COMPARISON,1,1,0,bcand:8eb558cc8c20ab24,A person who uses sampling and analysis to determine the nitrogen content in organic manure must keep the original report from the laboratory.,lex-120b4f9c395b3f94,The Nitrate Pollution Prevention Regulations 2015,https://www.legislation.gov.uk/uksi/2015/668/contents/made,https://www.legislation.gov.uk/uksi/2015/668/regulation/29,,,regulation:29
ssafo-nitrates,https://www.gov.uk/guidance/using-nitrogen-fertilisers-in-nitrate-vulnerable-zones,Using nitrogen fertilisers in nitrate vulnerable zones,6496ddf5-fe38-43db-ac42-b13e95777e33,susan-b5cccee08ec65fb7-71,A land manager must record the yield of any arable crop on which nitrogen fertiliser has been used within one week of finding it out.,section:keeping-records,"You must record the yield of any arable crop on which nitrogen fertiliser has been used, within one week of finding it out.",m-98ba47ac,GROUNDED,high,0.8201,,"The guidance accurately restates the obligation in this provision: recording crop yield within one week of ascertaining it, where nitrogen fertiliser has been used on that crop. The substitution of 'land manager' for 'occupier of a holding' and 'finding it out' for 'ascertaining it' are equivalent in meaning.",COMPLETE,HAS_REPORTABLE_COMPARISON,2,1,1,bcand:074384636e10a2a0,The occupier of a holding who has used nitrogen fertiliser must record the yield achieved by an arable crop within one week of ascertaining it.,lex-120b4f9c395b3f94,The Nitrate Pollution Prevention Regulations 2015,https://www.legislation.gov.uk/uksi/2015/668/contents/made,https://www.legislation.gov.uk/uksi/2015/668/regulation/32/1,,,regulation:32:paragraph:1
ssafo-nitrates,https://www.gov.uk/guidance/using-nitrogen-fertilisers-in-nitrate-vulnerable-zones,Using nitrogen fertilisers in nitrate vulnerable zones,6496ddf5-fe38-43db-ac42-b13e95777e33,susan-b5cccee08ec65fb7-72,A land manager must keep an up-to-date record of the total size of their holding and update it within 1 month if it changes (except where the change in area is land covered by a greenhouse).,,You must keep an up-to-date record of the total size of your holding and update it within 1 month if it changes. This applies to you if the change in area isn't land covered by a greenhouse.,m-b1750c09,GUIDANCE_BROADER,medium,0.7603,,"The law clause requires updating the record within one month when the size of the holding or the area of grass changes, with no mention of a greenhouse exception. The guidance adds a greenhouse carve-out ('except where the change in area is land covered by a greenhouse') not found in this clause, making the guidance broader (narrower trigger) than the law — it exempts a category the law does not. Under the ceiling/floor rule, the guidance imposes a weaker obligation than the law by exempting gre",COMPLETE,HAS_REPORTABLE_COMPARISON,3,2,1,bcand:a7bc9a8f39f0f9a9,"If the size of the holding or the area of grass within it changes, the occupier must update the record within one month beginning with the day after the day of the change.",lex-120b4f9c395b3f94,The Nitrate Pollution Prevention Regulations 2015,https://www.legislation.gov.uk/uksi/2015/668/contents/made,https://www.legislation.gov.uk/uksi/2015/668/schedule/3/paragraph/12,,,schedule:3:paragraph:12:subparagraph:2
ssafo-nitrates,https://www.gov.uk/guidance/using-nitrogen-fertilisers-in-nitrate-vulnerable-zones,Using nitrogen fertilisers in nitrate vulnerable zones,6496ddf5-fe38-43db-ac42-b13e95777e33,susan-b5cccee08ec65fb7-72,A land manager must keep an up-to-date record of the total size of their holding and update it within 1 month if it changes (except where the change in area is land covered by a greenhouse).,,You must keep an up-to-date record of the total size of your holding and update it within 1 month if it changes. This applies to you if the change in area isn't land covered by a greenhouse.,m-d779fb8a,GUIDANCE_BROADER,medium,0.7323,,"This regulation also requires updating the record within one month when the size of a holding changes, with no greenhouse exception. The guidance's greenhouse carve-out exceeds what this law permits by narrowing the trigger for the obligation, similarly making the guidance broader than the statutory minimum without an explicit textual basis in this clause.",COMPLETE,HAS_REPORTABLE_COMPARISON,3,2,1,bcand:b8180af7d7358776,"Where the size of a holding changes, the occupier of the holding must update the record required by regulation 35(1) of the old Regulations, or by regulation 25A of these Regulations, within one month.",lex-120b4f9c395b3f94,The Nitrate Pollution Prevention Regulations 2015,https://www.legislation.gov.uk/uksi/2015/668/contents/made,https://www.legislation.gov.uk/uksi/2015/668/regulation/34/1,,,regulation:34:paragraph:1
ssafo-nitrates,https://www.gov.uk/guidance/using-nitrogen-fertilisers-in-nitrate-vulnerable-zones,Using nitrogen fertilisers in nitrate vulnerable zones,6496ddf5-fe38-43db-ac42-b13e95777e33,susan-b5cccee08ec65fb7-73,"The total size of a holding must include any area not covered by greenhouses and excludes surface waters, any hardstanding, buildings, roads or any woodland unless that woodland is used for grazing.",section:keeping-records,"The total size of your holding must include any area not covered by greenhouses and excludes surface waters, any hardstanding (areas for parking vehicles), buildings, roads or any woodland (unless that woodland is used for grazing).",m-2435da56,GROUNDED,medium,0.7491,,"The neighbouring proposition explicitly states that areas where no fertiliser is spread or soil is not worked must be excluded from fertiliser application calculations, directly resolving the specific conflict identified with the law's exclusion criterion.",COMPLETE,HAS_REPORTABLE_COMPARISON,2,1,1,bcand:27a4cffbcafd5cf6,"For the purposes of calculating the area of the holding under paragraph (7), land on which the occupier does not spread fertiliser or work the soil is excluded from that area.",lex-120b4f9c395b3f94,The Nitrate Pollution Prevention Regulations 2015,https://www.legislation.gov.uk/uksi/2015/668/contents/made,https://www.legislation.gov.uk/uksi/2015/668/regulation/8/8,,,regulation:8:paragraph:8
ssafo-nitrates,https://www.gov.uk/guidance/using-nitrogen-fertilisers-in-nitrate-vulnerable-zones,Using nitrogen fertilisers in nitrate vulnerable zones,6496ddf5-fe38-43db-ac42-b13e95777e33,susan-b5cccee08ec65fb7-74,A land manager who spreads organic manure must make a risk map and keep it with their farm records.,section:keeping-records,You must make a risk map and keep it with your farm records if you spread organic manure on your land.,m-a9d8f05b,GROUNDED,high,0.7426,,"Neighbouring propositions explicitly cover the specific risk map content requirements (field areas in hectares, surface waters, springs/wells/boreholes) that the reason identified as missing, resolving the GUIDANCE_INCOMPLETE concern.",COMPLETE,HAS_REPORTABLE_COMPARISON,6,4,2,bcand:3791c325fc36470a,An occupier of a holding who spreads organic manure on that holding must produce and maintain a risk map showing each field with its area in hectares.,lex-120b4f9c395b3f94,The Nitrate Pollution Prevention Regulations 2015,https://www.legislation.gov.uk/uksi/2015/668/contents/made,https://www.legislation.gov.uk/uksi/2015/668/regulation/15/1,,,regulation:15:paragraph:1:subparagraph:(a)
ssafo-nitrates,https://www.gov.uk/guidance/using-nitrogen-fertilisers-in-nitrate-vulnerable-zones,Using nitrogen fertilisers in nitrate vulnerable zones,6496ddf5-fe38-43db-ac42-b13e95777e33,susan-b5cccee08ec65fb7-74,A land manager who spreads organic manure must make a risk map and keep it with their farm records.,section:keeping-records,You must make a risk map and keep it with your farm records if you spread organic manure on your land.,m-7477c3c5,GUIDANCE_INCOMPLETE,high,0.7253,,"Regulation 15(1)(d),(e),(f) sets out additional mandatory content for the risk map (sandy/shallow soils, steep land, land near surface waters); the guidance only states that a risk map must be made without capturing these specific content requirements.",COMPLETE,HAS_REPORTABLE_COMPARISON,6,4,2,bcand:bbe8c65330bf8856,"An occupier of a holding who spreads organic manure on that holding must produce and maintain a risk map showing areas with sandy or shallow soils, land with an incline greater than 12 degrees, and land within 10 metres of surface waters.",lex-120b4f9c395b3f94,The Nitrate Pollution Prevention Regulations 2015,https://www.legislation.gov.uk/uksi/2015/668/contents/made,https://www.legislation.gov.uk/uksi/2015/668/regulation/15/1,,,"regulation:15:paragraph:1:subparagraphs:(d),(e),(f)"
ssafo-nitrates,https://www.gov.uk/guidance/using-nitrogen-fertilisers-in-nitrate-vulnerable-zones,Using nitrogen fertilisers in nitrate vulnerable zones,6496ddf5-fe38-43db-ac42-b13e95777e33,susan-b5cccee08ec65fb7-74,A land manager who spreads organic manure must make a risk map and keep it with their farm records.,section:keeping-records,You must make a risk map and keep it with your farm records if you spread organic manure on your land.,m-46c9cf99,GUIDANCE_INCOMPLETE,high,0.7068,,"Regulation 15(1)(b),(c),(g) requires the risk map to show surface waters, boreholes/springs/wells, and land within 50 metres of such features; the guidance does not mention these specific content requirements, making it incomplete against this provision.",COMPLETE,HAS_REPORTABLE_COMPARISON,6,4,2,bcand:909f71968c86dbea,"An occupier of a holding who spreads organic manure on that holding must produce and maintain a risk map showing all surface waters, any boreholes, springs or wells on the holding or within 50 metres of the boundary of the holding, and land within 50 metres of a borehole, spring or well.",lex-120b4f9c395b3f94,The Nitrate Pollution Prevention Regulations 2015,https://www.legislation.gov.uk/uksi/2015/668/contents/made,https://www.legislation.gov.uk/uksi/2015/668/regulation/15/1,,,"regulation:15:paragraph:1:subparagraphs:(b),(c),(g)"
ssafo-nitrates,https://www.gov.uk/guidance/using-nitrogen-fertilisers-in-nitrate-vulnerable-zones,Using nitrogen fertilisers in nitrate vulnerable zones,6496ddf5-fe38-43db-ac42-b13e95777e33,susan-b5cccee08ec65fb7-74,A land manager who spreads organic manure must make a risk map and keep it with their farm records.,section:keeping-records,You must make a risk map and keep it with your farm records if you spread organic manure on your land.,m-a0cd6c36,GUIDANCE_INCOMPLETE,medium,0.7054,,"Regulation 15(1)(i) requires the risk map to identify suitable sites for temporary field heaps where that storage method is used; the guidance does not mention this specific content requirement, making it incomplete against this provision.",COMPLETE,HAS_REPORTABLE_COMPARISON,6,4,2,bcand:9a97fd4fbcbcf017,The risk map must identify sites suitable for temporary field heaps where this method of storing manure is to be used.,lex-120b4f9c395b3f94,The Nitrate Pollution Prevention Regulations 2015,https://www.legislation.gov.uk/uksi/2015/668/contents/made,https://www.legislation.gov.uk/uksi/2015/668/regulation/15/1,,,regulation:15:paragraph:1:subparagraph:i
ssafo-nitrates,https://www.gov.uk/guidance/using-nitrogen-fertilisers-in-nitrate-vulnerable-zones,Using nitrogen fertilisers in nitrate vulnerable zones,6496ddf5-fe38-43db-ac42-b13e95777e33,susan-b5cccee08ec65fb7-75,A land manager must mark on the risk map the location of each field and its area in hectares.,,"You must mark on the map:
the location of each field and its area in hectares
areas with sandy or shallow soils
land with a slope greater than 12 degrees
land drains (except if they are sealed and impermeable)
sites where you plan to use temporary field heaps to store manure
all surface waters (for example, streams or ponds) and land within 10 metres of them
all springs, wells and boreholes on your land or within 50 metres of the boundary of your land
all land within 50 metres of a spring, well or borehole
low run-off risk land (if you intend to spread to this land to reduce the amount of storage you need to provide)",m-d0863687,GROUNDED,high,0.7794,,"This sub-paragraph directly requires the risk map to show each field with its area in hectares, which is precisely what the guidance states. The guidance accurately reflects this legal requirement.",COMPLETE,HAS_REPORTABLE_COMPARISON,5,2,3,bcand:2580f7cecc987027,A risk map must show each field with its area in hectares.,lex-120b4f9c395b3f94,The Nitrate Pollution Prevention Regulations 2015,https://www.legislation.gov.uk/uksi/2015/668/contents/made,https://www.legislation.gov.uk/uksi/2015/668/regulation/15/1,,,regulation:15:paragraph:1:subparagraph:a
ssafo-nitrates,https://www.gov.uk/guidance/using-nitrogen-fertilisers-in-nitrate-vulnerable-zones,Using nitrogen fertilisers in nitrate vulnerable zones,6496ddf5-fe38-43db-ac42-b13e95777e33,susan-b5cccee08ec65fb7-75,A land manager must mark on the risk map the location of each field and its area in hectares.,,"You must mark on the map:
the location of each field and its area in hectares
areas with sandy or shallow soils
land with a slope greater than 12 degrees
land drains (except if they are sealed and impermeable)
sites where you plan to use temporary field heaps to store manure
all surface waters (for example, streams or ponds) and land within 10 metres of them
all springs, wells and boreholes on your land or within 50 metres of the boundary of your land
all land within 50 metres of a spring, well or borehole
low run-off risk land (if you intend to spread to this land to reduce the amount of storage you need to provide)",m-40815a97,GUIDANCE_INCOMPLETE,high,0.7719,,"The law sets out the full obligation (produce and maintain a risk map, triggered by spreading organic manure) whereas the guidance only addresses the marking of fields and their areas, omitting the production/maintenance duty and the triggering condition. The guidance covers part of what this law requires.",COMPLETE,HAS_REPORTABLE_COMPARISON,5,2,3,bcand:3791c325fc36470a,An occupier of a holding who spreads organic manure on that holding must produce and maintain a risk map showing each field with its area in hectares.,lex-120b4f9c395b3f94,The Nitrate Pollution Prevention Regulations 2015,https://www.legislation.gov.uk/uksi/2015/668/contents/made,https://www.legislation.gov.uk/uksi/2015/668/regulation/15/1,,,regulation:15:paragraph:1:subparagraph:(a)
ssafo-nitrates,https://www.gov.uk/guidance/using-nitrogen-fertilisers-in-nitrate-vulnerable-zones,Using nitrogen fertilisers in nitrate vulnerable zones,6496ddf5-fe38-43db-ac42-b13e95777e33,susan-b5cccee08ec65fb7-76,"A land manager must mark on the risk map all surface waters (for example, streams or ponds) and land within 10 metres of them.",section:keeping-records,"all surface waters (for example, streams or ponds) and land within 10 metres of them",m-d109b954,GROUNDED,high,0.8016,,"The guidance accurately reflects this specific sub-paragraph, which requires a risk map to identify land within 10 metres of surface waters — precisely what the guidance states.",COMPLETE,HAS_REPORTABLE_COMPARISON,4,3,1,bcand:e4ed0650eb539a50,A risk map must identify land within 10 metres of surface waters.,lex-120b4f9c395b3f94,The Nitrate Pollution Prevention Regulations 2015,https://www.legislation.gov.uk/uksi/2015/668/contents/made,https://www.legislation.gov.uk/uksi/2015/668/regulation/15/1,,,regulation:15:paragraph:1:subparagraph:f
ssafo-nitrates,https://www.gov.uk/guidance/using-nitrogen-fertilisers-in-nitrate-vulnerable-zones,Using nitrogen fertilisers in nitrate vulnerable zones,6496ddf5-fe38-43db-ac42-b13e95777e33,susan-b5cccee08ec65fb7-76,"A land manager must mark on the risk map all surface waters (for example, streams or ponds) and land within 10 metres of them.",section:keeping-records,"all surface waters (for example, streams or ponds) and land within 10 metres of them",m-574e0471,GUIDANCE_INCOMPLETE,high,0.7677,,"This composite provision requires the risk map to show surface waters, boreholes/springs/wells, and land within 50 metres of them; the guidance only addresses the surface-water/10-metre element and omits the borehole/spring/well requirements.",COMPLETE,HAS_REPORTABLE_COMPARISON,4,3,1,bcand:909f71968c86dbea,"An occupier of a holding who spreads organic manure on that holding must produce and maintain a risk map showing all surface waters, any boreholes, springs or wells on the holding or within 50 metres of the boundary of the holding, and land within 50 metres of a borehole, spring or well.",lex-120b4f9c395b3f94,The Nitrate Pollution Prevention Regulations 2015,https://www.legislation.gov.uk/uksi/2015/668/contents/made,https://www.legislation.gov.uk/uksi/2015/668/regulation/15/1,,,"regulation:15:paragraph:1:subparagraphs:(b),(c),(g)"
ssafo-nitrates,https://www.gov.uk/guidance/using-nitrogen-fertilisers-in-nitrate-vulnerable-zones,Using nitrogen fertilisers in nitrate vulnerable zones,6496ddf5-fe38-43db-ac42-b13e95777e33,susan-b5cccee08ec65fb7-76,"A land manager must mark on the risk map all surface waters (for example, streams or ponds) and land within 10 metres of them.",section:keeping-records,"all surface waters (for example, streams or ponds) and land within 10 metres of them",m-d536963e,GUIDANCE_INCOMPLETE,high,0.7617,,"This provision requires the risk map to show sandy/shallow soils and steeply inclined land (>12 degrees) in addition to land within 10 metres of surface waters; the guidance captures only the surface-water/10-metre element, omitting the soil and slope requirements from the same sub-paragraphs.",COMPLETE,HAS_REPORTABLE_COMPARISON,4,3,1,bcand:bbe8c65330bf8856,"An occupier of a holding who spreads organic manure on that holding must produce and maintain a risk map showing areas with sandy or shallow soils, land with an incline greater than 12 degrees, and land within 10 metres of surface waters.",lex-120b4f9c395b3f94,The Nitrate Pollution Prevention Regulations 2015,https://www.legislation.gov.uk/uksi/2015/668/contents/made,https://www.legislation.gov.uk/uksi/2015/668/regulation/15/1,,,"regulation:15:paragraph:1:subparagraphs:(d),(e),(f)"
ssafo-nitrates,https://www.gov.uk/guidance/using-nitrogen-fertilisers-in-nitrate-vulnerable-zones,Using nitrogen fertilisers in nitrate vulnerable zones,6496ddf5-fe38-43db-ac42-b13e95777e33,susan-b5cccee08ec65fb7-77,"A land manager must mark on the risk map all springs, wells and boreholes on their land or within 50 metres of the boundary of their land.",section:keeping-records,"all springs, wells and boreholes on your land or within 50 metres of the boundary of your land",m-78b41e71,GROUNDED,high,0.7626,,"This provision directly requires occupiers to produce a risk map showing any boreholes, springs or wells on the holding or within 50 metres of the boundary, which accurately matches the guidance's requirement for land managers to mark springs, wells and boreholes on or within 50 metres of their land boundary.",COMPLETE,HAS_REPORTABLE_COMPARISON,2,2,0,bcand:909f71968c86dbea,"An occupier of a holding who spreads organic manure on that holding must produce and maintain a risk map showing all surface waters, any boreholes, springs or wells on the holding or within 50 metres of the boundary of the holding, and land within 50 metres of a borehole, spring or well.",lex-120b4f9c395b3f94,The Nitrate Pollution Prevention Regulations 2015,https://www.legislation.gov.uk/uksi/2015/668/contents/made,https://www.legislation.gov.uk/uksi/2015/668/regulation/15/1,,,"regulation:15:paragraph:1:subparagraphs:(b),(c),(g)"
ssafo-nitrates,https://www.gov.uk/guidance/using-nitrogen-fertilisers-in-nitrate-vulnerable-zones,Using nitrogen fertilisers in nitrate vulnerable zones,6496ddf5-fe38-43db-ac42-b13e95777e33,susan-b5cccee08ec65fb7-77,"A land manager must mark on the risk map all springs, wells and boreholes on their land or within 50 metres of the boundary of their land.",section:keeping-records,"all springs, wells and boreholes on your land or within 50 metres of the boundary of your land",m-ccf31cf9,GUIDANCE_INCOMPLETE,medium,0.7959,,"This clause only requires identification of land within 50 metres of a borehole, spring or well, not the marking of the boreholes, springs or wells themselves; the guidance covers the latter but this clause alone does not capture the full obligation the guidance describes, making it a partial but not fully matching anchor.",COMPLETE,HAS_REPORTABLE_COMPARISON,2,2,0,bcand:9a958c244628b866,"Land within 50 metres of a borehole, spring or well must be identified on the risk map.",lex-120b4f9c395b3f94,The Nitrate Pollution Prevention Regulations 2015,https://www.legislation.gov.uk/uksi/2015/668/contents/made,https://www.legislation.gov.uk/uksi/2015/668/regulation/15/1,,,regulation:15:paragraph:1:subparagraph:g
ssafo-nitrates,https://www.gov.uk/guidance/using-nitrogen-fertilisers-in-nitrate-vulnerable-zones,Using nitrogen fertilisers in nitrate vulnerable zones,6496ddf5-fe38-43db-ac42-b13e95777e33,susan-b5cccee08ec65fb7-78,A land manager must update the risk map with any changes within 3 months of the date of the change.,section:keeping-records,You must update the map with any changes within 3 months of the date of the change.,m-42dd375f,GROUNDED,high,0.7676,,The guidance accurately reflects this provision: both require the risk map to be updated within three months of a change in circumstances. The difference in terminology ('land manager' vs 'occupier') does not create a substantive conflict.,COMPLETE,HAS_REPORTABLE_COMPARISON,2,2,0,bcand:7d6ab41112245560,"Where a change in circumstances affects a matter referred to in paragraph (1), the occupier must update the risk map within three months of the change.",lex-120b4f9c395b3f94,The Nitrate Pollution Prevention Regulations 2015,https://www.legislation.gov.uk/uksi/2015/668/contents/made,https://www.legislation.gov.uk/uksi/2015/668/regulation/15/3,,,regulation:15:paragraph:3
ssafo-nitrates,https://www.gov.uk/guidance/using-nitrogen-fertilisers-in-nitrate-vulnerable-zones,Using nitrogen fertilisers in nitrate vulnerable zones,6496ddf5-fe38-43db-ac42-b13e95777e33,susan-b5cccee08ec65fb7-78,A land manager must update the risk map with any changes within 3 months of the date of the change.,section:keeping-records,You must update the map with any changes within 3 months of the date of the change.,m-1c3c7d67,CONFLICTS,high,0.7569,,"This provision requires the risk map to be updated within one month of the change, whereas the guidance states three months. Both provisions operate within the same regulatory framework (risk map obligations) and substantively oppose each other on the same point — the deadline for updating. The guidance therefore conflicts with this law clause by stating a longer (more lenient) deadline.",COMPLETE,HAS_REPORTABLE_COMPARISON,2,2,0,bcand:d859c667cb1ed136,"Where a change in circumstances affects a matter referred to in paragraph 7(1), the occupier must update the risk map within one month of the change.",lex-120b4f9c395b3f94,The Nitrate Pollution Prevention Regulations 2015,https://www.legislation.gov.uk/uksi/2015/668/contents/made,https://www.legislation.gov.uk/uksi/2015/668/schedule/3/paragraph/7,,,schedule:3:paragraph:7:subparagraph:2
ssafo-nitrates,https://www.gov.uk/guidance/using-nitrogen-fertilisers-in-nitrate-vulnerable-zones,Using nitrogen fertilisers in nitrate vulnerable zones,6496ddf5-fe38-43db-ac42-b13e95777e33,susan-b5cccee08ec65fb7-79,"For the previous calendar year, a land manager must complete a record by 30 April showing the area of the holding in hectares, the numbers of livestock kept, the type and number of days each animal spent on the holding, and their calculation of the amount of nitrogen produced by livestock.",,"For the previous calendar year, you must complete a record by 30 April showing:
the area of your holding in hectares
the numbers of livestock kept on your holding
the type of animal ('category' in the standard tables) and number of days each animal spent on your holding
your calculation of the amount of nitrogen produced by livestock",m-863aed87,GUIDANCE_BROADER,medium,0.7679,,"This provision requires the nitrogen record to include number of days each animal spent on the holding, which the guidance correctly reflects; however, the guidance adds further requirements (30 April deadline, area of holding, livestock numbers, nitrogen calculation) that go beyond what this single sub-paragraph states, making the guidance broader than this clause alone.",COMPLETE,HAS_REPORTABLE_COMPARISON,11,1,10,bcand:f0976a42d62cbf16,The record of nitrogen produced by animals on the holding must include the number of days that each animal spent on the holding.,lex-120b4f9c395b3f94,The Nitrate Pollution Prevention Regulations 2015,https://www.legislation.gov.uk/uksi/2015/668/contents/made,https://www.legislation.gov.uk/uksi/2015/668/regulation/27/1,,,regulation:27:paragraph:1:subparagraph:b
ssafo-nitrates,https://www.gov.uk/guidance/using-nitrogen-fertilisers-in-nitrate-vulnerable-zones,Using nitrogen fertilisers in nitrate vulnerable zones,6496ddf5-fe38-43db-ac42-b13e95777e33,susan-b5cccee08ec65fb7-8,"On winter oilseed rape a land manager may use up to 250kg of nitrogen per hectare, including a maximum autumn (closed period) application of 30kg of nitrogen per hectare of manufactured nitrogen fertiliser.",section:how-much-nitrogen-you-can-apply-to-your-crops,On winter oilseed rape you can use up to 250kg of nitrogen per hectare. This includes a maximum autumn (closed period) application of 30kg of nitrogen per hectare of manufactured nitrogen fertiliser.,m-997f5809,CONFLICTS,medium,0.7499,,"This clause states nitrogen must not be spread on winter oilseed rape after 31st October, imposing a hard prohibition rather than allowing up to 30 kg/ha of manufactured nitrogen fertiliser in the autumn/closed period. The guidance permits a 30 kg/ha autumn application, which directly contradicts this prohibition within the same NVZ/fertiliser regulatory framework.",COMPLETE,HAS_REPORTABLE_COMPARISON,5,2,3,bcand:3cb4340de6bef514,"In the case of winter oilseed rape, nitrogen must not be spread after 31st October.",lex-120b4f9c395b3f94,The Nitrate Pollution Prevention Regulations 2015,https://www.legislation.gov.uk/uksi/2015/668/contents/made,https://www.legislation.gov.uk/uksi/2015/668/regulation/22/6,,,regulation:22:paragraph:6
ssafo-nitrates,https://www.gov.uk/guidance/using-nitrogen-fertilisers-in-nitrate-vulnerable-zones,Using nitrogen fertilisers in nitrate vulnerable zones,6496ddf5-fe38-43db-ac42-b13e95777e33,susan-b5cccee08ec65fb7-8,"On winter oilseed rape a land manager may use up to 250kg of nitrogen per hectare, including a maximum autumn (closed period) application of 30kg of nitrogen per hectare of manufactured nitrogen fertiliser.",section:how-much-nitrogen-you-can-apply-to-your-crops,On winter oilseed rape you can use up to 250kg of nitrogen per hectare. This includes a maximum autumn (closed period) application of 30kg of nitrogen per hectare of manufactured nitrogen fertiliser.,m-846f1748,GUIDANCE_INCOMPLETE,medium,0.7417,,"This clause sets a crop-specific total nitrogen ceiling adjusted per the table and notes, which is the correct framework for the 250 kg/ha total figure, but the guidance does not reference the table adjustments or the twelve-month period calculation mechanism, making it incomplete relative to this provision.",COMPLETE,HAS_REPORTABLE_COMPARISON,5,2,3,bcand:b2f994636dc07182,"The occupier of a holding must ensure that the total amount of nitrogen spread on a crop or group of crops specified in the table in paragraph (4) does not exceed the figure specified in the second column of that table in any twelve-month period, adjusted as specified in the notes and multiplied by the total area in hectares of the crop or group sown on the holding.",lex-120b4f9c395b3f94,The Nitrate Pollution Prevention Regulations 2015,https://www.legislation.gov.uk/uksi/2015/668/contents/made,https://www.legislation.gov.uk/uksi/2015/668/regulation/12/1,,,regulation:12:paragraph:1
ssafo-nitrates,https://www.gov.uk/guidance/using-nitrogen-fertilisers-in-nitrate-vulnerable-zones,Using nitrogen fertilisers in nitrate vulnerable zones,6496ddf5-fe38-43db-ac42-b13e95777e33,susan-b5cccee08ec65fb7-80,"Within 1 week of bringing livestock manure onto or sending it off their holding, a land manager must record the type and amount of manure and the date it was brought onto or sent off their holding.",,"Within 1 week of bringing livestock manure (including poultry manure and slurry) onto your holding or sending it off, you must record:
the type and amount of manure and the date it was brought onto or sent off your holding
the total nitrogen content of any manure you send off or bring onto your holding
the name and address of the supplier or recipient of the manure
a contingency plan you'll follow if the manure isn't accepted by a recipient (for example, how you plan to store the manure)",m-44e083e9,GROUNDED,high,0.8071,,"This clause requires recording the date on which livestock manure was sent off a holding within one week, directly matching the date-recording element of the guidance for the sending-off scenario.",COMPLETE,HAS_REPORTABLE_COMPARISON,8,4,4,bcand:ad1021da41ceb7ae,"An occupier who sends livestock manure off a holding must, within one week of doing so, record the date on which it was sent off the holding.",lex-120b4f9c395b3f94,The Nitrate Pollution Prevention Regulations 2015,https://www.legislation.gov.uk/uksi/2015/668/contents/made,https://www.legislation.gov.uk/uksi/2015/668/regulation/28/2,,,regulation:28:paragraph:2:subparagraph:b
ssafo-nitrates,https://www.gov.uk/guidance/using-nitrogen-fertilisers-in-nitrate-vulnerable-zones,Using nitrogen fertilisers in nitrate vulnerable zones,6496ddf5-fe38-43db-ac42-b13e95777e33,susan-b5cccee08ec65fb7-80,"Within 1 week of bringing livestock manure onto or sending it off their holding, a land manager must record the type and amount of manure and the date it was brought onto or sent off their holding.",,"Within 1 week of bringing livestock manure (including poultry manure and slurry) onto your holding or sending it off, you must record:
the type and amount of manure and the date it was brought onto or sent off your holding
the total nitrogen content of any manure you send off or bring onto your holding
the name and address of the supplier or recipient of the manure
a contingency plan you'll follow if the manure isn't accepted by a recipient (for example, how you plan to store the manure)",m-790be5bc,GROUNDED,medium,0.791,,"This clause states a record must be kept of the date livestock manure was sent off the holding, consistent with the guidance's requirement to record the date; it is a duplicate/restatement of bcand:ad1021da41ceb7ae.",COMPLETE,HAS_REPORTABLE_COMPARISON,8,4,4,bcand:fc35bff49511d5c7,A record must be kept of the date on which livestock manure was sent off the holding.,lex-120b4f9c395b3f94,The Nitrate Pollution Prevention Regulations 2015,https://www.legislation.gov.uk/uksi/2015/668/contents/made,https://www.legislation.gov.uk/uksi/2015/668/regulation/28/2,,,regulation:28:paragraph:2:subparagraph:b
ssafo-nitrates,https://www.gov.uk/guidance/using-nitrogen-fertilisers-in-nitrate-vulnerable-zones,Using nitrogen fertilisers in nitrate vulnerable zones,6496ddf5-fe38-43db-ac42-b13e95777e33,susan-b5cccee08ec65fb7-80,"Within 1 week of bringing livestock manure onto or sending it off their holding, a land manager must record the type and amount of manure and the date it was brought onto or sent off their holding.",,"Within 1 week of bringing livestock manure (including poultry manure and slurry) onto your holding or sending it off, you must record:
the type and amount of manure and the date it was brought onto or sent off your holding
the total nitrogen content of any manure you send off or bring onto your holding
the name and address of the supplier or recipient of the manure
a contingency plan you'll follow if the manure isn't accepted by a recipient (for example, how you plan to store the manure)",m-24a29816,GUIDANCE_INCOMPLETE,medium,0.8134,,"This clause covers recording type and amount when sending livestock manure off a holding within one week, matching part of the guidance. However, the guidance also claims an obligation when bringing manure onto a holding, which this clause does not address — making the guidance potentially broader, but since this specific clause only covers one direction (sending off), and the guidance covers both directions, the clause is only partially matched by the guidance. Actually, from the law's perspect",COMPLETE,HAS_REPORTABLE_COMPARISON,8,4,4,bcand:56d1a58b29c9e8c3,"An occupier who sends livestock manure off a holding must, within one week of doing so, record the type and amount of livestock manure.",lex-120b4f9c395b3f94,The Nitrate Pollution Prevention Regulations 2015,https://www.legislation.gov.uk/uksi/2015/668/contents/made,https://www.legislation.gov.uk/uksi/2015/668/regulation/28/2,,,regulation:28:paragraph:2:subparagraph:a
ssafo-nitrates,https://www.gov.uk/guidance/using-nitrogen-fertilisers-in-nitrate-vulnerable-zones,Using nitrogen fertilisers in nitrate vulnerable zones,6496ddf5-fe38-43db-ac42-b13e95777e33,susan-b5cccee08ec65fb7-80,"Within 1 week of bringing livestock manure onto or sending it off their holding, a land manager must record the type and amount of manure and the date it was brought onto or sent off their holding.",,"Within 1 week of bringing livestock manure (including poultry manure and slurry) onto your holding or sending it off, you must record:
the type and amount of manure and the date it was brought onto or sent off your holding
the total nitrogen content of any manure you send off or bring onto your holding
the name and address of the supplier or recipient of the manure
a contingency plan you'll follow if the manure isn't accepted by a recipient (for example, how you plan to store the manure)",m-c6c5be90,GUIDANCE_INCOMPLETE,high,0.7838,,This clause requires recording the name and address of the recipient when sending livestock manure off a holding within one week — an obligation within the same regulatory framework that the guidance omits entirely.,COMPLETE,HAS_REPORTABLE_COMPARISON,8,4,4,bcand:2b621615ce985b5c,"An occupier who sends livestock manure off a holding must, within one week of doing so, record the name and address of the recipient.",lex-120b4f9c395b3f94,The Nitrate Pollution Prevention Regulations 2015,https://www.legislation.gov.uk/uksi/2015/668/contents/made,https://www.legislation.gov.uk/uksi/2015/668/regulation/28/2,,,regulation:28:paragraph:2:subparagraph:d
ssafo-nitrates,https://www.gov.uk/guidance/using-nitrogen-fertilisers-in-nitrate-vulnerable-zones,Using nitrogen fertilisers in nitrate vulnerable zones,6496ddf5-fe38-43db-ac42-b13e95777e33,susan-b5cccee08ec65fb7-81,"Within 1 week of bringing livestock manure onto or sending it off their holding, a land manager must record the total nitrogen content of any manure sent off or brought onto their holding.",,"Within 1 week of bringing livestock manure (including poultry manure and slurry) onto your holding or sending it off, you must record:
the type and amount of manure and the date it was brought onto or sent off your holding
the total nitrogen content of any manure you send off or bring onto your holding
the name and address of the supplier or recipient of the manure
a contingency plan you'll follow if the manure isn't accepted by a recipient (for example, how you plan to store the manure)",m-1b987eef,GROUNDED,high,0.8366,,"The neighbouring proposition 'If a land manager does not know the nitrogen content of imported manure, they must find this out by analysis or calculation as soon as possible and then record it within a week' directly resolves the specific concern about the trigger for recording when nitrogen content is unknown, covering the law clause's requirement to record within one week of ascertaining the con",COMPLETE,HAS_REPORTABLE_COMPARISON,1,1,0,bcand:8816503298c2ba34,"Where the nitrogen content of livestock manure brought on to a holding is not known, the occupier must record it within one week of ascertaining it.",lex-120b4f9c395b3f94,The Nitrate Pollution Prevention Regulations 2015,https://www.legislation.gov.uk/uksi/2015/668/contents/made,https://www.legislation.gov.uk/uksi/2015/668/regulation/28/3,,,regulation:28:paragraph:3
ssafo-nitrates,https://www.gov.uk/guidance/using-nitrogen-fertilisers-in-nitrate-vulnerable-zones,Using nitrogen fertilisers in nitrate vulnerable zones,6496ddf5-fe38-43db-ac42-b13e95777e33,susan-b5cccee08ec65fb7-82,"Within 1 week of bringing livestock manure onto or sending it off their holding, a land manager must record the name and address of the supplier or recipient of the manure.",,"Within 1 week of bringing livestock manure (including poultry manure and slurry) onto your holding or sending it off, you must record:
the type and amount of manure and the date it was brought onto or sent off your holding
the total nitrogen content of any manure you send off or bring onto your holding
the name and address of the supplier or recipient of the manure
a contingency plan you'll follow if the manure isn't accepted by a recipient (for example, how you plan to store the manure)",m-14419afb,GUIDANCE_BROADER,high,0.8122,,"This candidate covers only the outgoing side (sending off a holding, recording recipient), while the guidance additionally requires recording the supplier's name and address when bringing manure onto a holding. The guidance is broader than this single clause but does not contradict it.",COMPLETE,HAS_REPORTABLE_COMPARISON,3,2,1,bcand:2b621615ce985b5c,"An occupier who sends livestock manure off a holding must, within one week of doing so, record the name and address of the recipient.",lex-120b4f9c395b3f94,The Nitrate Pollution Prevention Regulations 2015,https://www.legislation.gov.uk/uksi/2015/668/contents/made,https://www.legislation.gov.uk/uksi/2015/668/regulation/28/2,,,regulation:28:paragraph:2:subparagraph:d
ssafo-nitrates,https://www.gov.uk/guidance/using-nitrogen-fertilisers-in-nitrate-vulnerable-zones,Using nitrogen fertilisers in nitrate vulnerable zones,6496ddf5-fe38-43db-ac42-b13e95777e33,susan-b5cccee08ec65fb7-82,"Within 1 week of bringing livestock manure onto or sending it off their holding, a land manager must record the name and address of the supplier or recipient of the manure.",,"Within 1 week of bringing livestock manure (including poultry manure and slurry) onto your holding or sending it off, you must record:
the type and amount of manure and the date it was brought onto or sent off your holding
the total nitrogen content of any manure you send off or bring onto your holding
the name and address of the supplier or recipient of the manure
a contingency plan you'll follow if the manure isn't accepted by a recipient (for example, how you plan to store the manure)",m-e5f71af9,GUIDANCE_INCOMPLETE,medium,0.7725,,"This clause requires recording the name and address of the supplier for manure brought onto or sent off a holding, but does not explicitly state the one-week timeframe that the guidance includes; the guidance's timing element is not reflected here, making the law's full obligation only partially captured by the guidance as anchored on this clause alone.",COMPLETE,HAS_REPORTABLE_COMPARISON,3,2,1,bcand:a5038f7d96e98ae5,A record of livestock manure brought on to or sent off the holding must include the name and address of the supplier.,lex-120b4f9c395b3f94,The Nitrate Pollution Prevention Regulations 2015,https://www.legislation.gov.uk/uksi/2015/668/contents/made,https://www.legislation.gov.uk/uksi/2015/668/regulation/28/1,,,regulation:28:paragraph:1:subparagraph:d
ssafo-nitrates,https://www.gov.uk/guidance/using-nitrogen-fertilisers-in-nitrate-vulnerable-zones,Using nitrogen fertilisers in nitrate vulnerable zones,6496ddf5-fe38-43db-ac42-b13e95777e33,susan-b5cccee08ec65fb7-83,"Within 1 week of bringing livestock manure onto or sending it off their holding, a land manager must record a contingency plan to follow if the manure is not accepted by a recipient.",,"a contingency plan you'll follow if the manure isn't accepted by a recipient (for example, how you plan to store the manure)",m-c8394071,GUIDANCE_BROADER,medium,0.773,,"The law requires a contingency plan record as part of the records for manure brought on to or sent off a holding, but does not specify a 1-week timeframe for recording the contingency plan itself. The guidance adds the '1 week' timing requirement for this specific element, which goes beyond what this sub-paragraph states (the timing rule in reg 28(2) applies to the broader record, but the guidance attributes it specifically to the contingency plan element). Additionally, the guidance uses 'land ",COMPLETE,HAS_REPORTABLE_COMPARISON,5,1,4,bcand:90c9008f4045d88b,Records of livestock manure brought on to or sent off the holding must include details of a contingency plan to be used in the event that an agreement for a person to accept the livestock manure fails.,lex-120b4f9c395b3f94,The Nitrate Pollution Prevention Regulations 2015,https://www.legislation.gov.uk/uksi/2015/668/contents/made,https://www.legislation.gov.uk/uksi/2015/668/regulation/28/2,,,regulation:28:paragraph:2:subparagraph:e
ssafo-nitrates,https://www.gov.uk/guidance/using-nitrogen-fertilisers-in-nitrate-vulnerable-zones,Using nitrogen fertilisers in nitrate vulnerable zones,6496ddf5-fe38-43db-ac42-b13e95777e33,susan-b5cccee08ec65fb7-84,"If a land manager does not know the nitrogen content of imported manure, they must find this out by analysis or calculation as soon as possible and then record it within a week.",,"If you don't know the nitrogen content of imported manure, you must find this out (by analysis or calculation) as soon as possible, and then record it within a week.",m-002b5555,GROUNDED,high,0.7483,,"The law requires recording within one week of ascertaining the nitrogen content, which matches the guidance's statement that it must be recorded within a week. This is accurately reflected.",COMPLETE,HAS_REPORTABLE_COMPARISON,3,2,1,bcand:8816503298c2ba34,"Where the nitrogen content of livestock manure brought on to a holding is not known, the occupier must record it within one week of ascertaining it.",lex-120b4f9c395b3f94,The Nitrate Pollution Prevention Regulations 2015,https://www.legislation.gov.uk/uksi/2015/668/contents/made,https://www.legislation.gov.uk/uksi/2015/668/regulation/28/3,,,regulation:28:paragraph:3
ssafo-nitrates,https://www.gov.uk/guidance/using-nitrogen-fertilisers-in-nitrate-vulnerable-zones,Using nitrogen fertilisers in nitrate vulnerable zones,6496ddf5-fe38-43db-ac42-b13e95777e33,susan-b5cccee08ec65fb7-84,"If a land manager does not know the nitrogen content of imported manure, they must find this out by analysis or calculation as soon as possible and then record it within a week.",,"If you don't know the nitrogen content of imported manure, you must find this out (by analysis or calculation) as soon as possible, and then record it within a week.",m-ad8e7d9f,GROUNDED,high,0.7306,,"The law requires ascertaining the nitrogen content as soon as reasonably practicable after arrival, which aligns with the guidance's instruction to find it out 'as soon as possible' by analysis or calculation. The guidance's phrasing is a reasonable plain-English restatement of the statutory standard.",COMPLETE,HAS_REPORTABLE_COMPARISON,3,2,1,bcand:c26d32863939b629,"Where the nitrogen content of livestock manure brought on to a holding is not known, the occupier must ascertain it as soon as reasonably practicable after arrival.",lex-120b4f9c395b3f94,The Nitrate Pollution Prevention Regulations 2015,https://www.legislation.gov.uk/uksi/2015/668/contents/made,https://www.legislation.gov.uk/uksi/2015/668/regulation/28/3,,,regulation:28:paragraph:3
ssafo-nitrates,https://www.gov.uk/guidance/using-nitrogen-fertilisers-in-nitrate-vulnerable-zones,Using nitrogen fertilisers in nitrate vulnerable zones,6496ddf5-fe38-43db-ac42-b13e95777e33,susan-b5cccee08ec65fb7-85,"A land manager who claims direct payments, such as agri-environment payments, must follow the Code of Good Agricultural Practice for nitrates.",section:further-requirements-for-claimants-of-direct-payments,"You must follow the Code of Good Agricultural Practice for nitrates if you claim direct payments, for example, agri-environment payments.",,,,,,,COMPLETE,ONLY_UNGROUNDED_CANDIDATES,15,0,15,,,,,,,,,
ssafo-nitrates,https://www.gov.uk/guidance/using-nitrogen-fertilisers-in-nitrate-vulnerable-zones,Using nitrogen fertilisers in nitrate vulnerable zones,6496ddf5-fe38-43db-ac42-b13e95777e33,susan-b5cccee08ec65fb7-86,The Environment Agency enforces the NVZ rules.,section:inspections,The Environment Agency enforces the NVZ rules.,,,,,,,COMPLETE,ONLY_UNGROUNDED_CANDIDATES,1,0,1,,,,,,,,,
ssafo-nitrates,https://www.gov.uk/guidance/using-nitrogen-fertilisers-in-nitrate-vulnerable-zones,Using nitrogen fertilisers in nitrate vulnerable zones,6496ddf5-fe38-43db-ac42-b13e95777e33,susan-b5cccee08ec65fb7-87,A land manager who has land in an NVZ and does not comply with the NVZ rules may be prosecuted and fined.,,"If you have land in an NVZ and don't comply with the NVZ rules, you may be prosecuted and fined.",,,,,,,COMPLETE,ONLY_UNGROUNDED_CANDIDATES,1,0,1,,,,,,,,,
ssafo-nitrates,https://www.gov.uk/guidance/using-nitrogen-fertilisers-in-nitrate-vulnerable-zones,Using nitrogen fertilisers in nitrate vulnerable zones,6496ddf5-fe38-43db-ac42-b13e95777e33,susan-b5cccee08ec65fb7-9,"On grass cut at least 3 times in a year, a land manager may use an additional 40kg of nitrogen per hectare.",,"On grass that's cut at least 3 times in a year, you can use an additional 40kg of nitrogen per hectare.",,,,,,,COMPLETE,ONLY_UNGROUNDED_CANDIDATES,15,0,15,,,,,,,,,
